Ecuador,BOLIVAR,GUARANDA,GUARANDA,ECU.2.5.2_1
Ecuador,BOLIVAR,GUARANDA,FACUNDO VELA,ECU.2.5.1_1
Ecuador,BOLIVAR,GUARANDA,JULIO E. MORENO (CATANAHUAN GRANDE),ECU.2.5.3_1
Ecuador,BOLIVAR,GUARANDA,SALINAS,ECU.2.5.4_1
Ecuador,BOLIVAR,GUARANDA,SAN LORENZO,ECU.2.5.5_1
Ecuador,BOLIVAR,GUARANDA,SAN SIMON (YACOTO),ECU.2.5.7_1
Ecuador,BOLIVAR,GUARANDA,SANTA FE (SANTA FE),ECU.2.5.8_1
Ecuador,BOLIVAR,GUARANDA,SIMIATUG,ECU.2.5.9_1
Ecuador,BOLIVAR,GUARANDA,SAN LUIS DE PAMBIL,ECU.2.5.6_1
Ecuador,BOLIVAR,CHILLANES,CHILLANES,ECU.2.2.1_1
Ecuador,BOLIVAR,CHILLANES,SAN JOSE DEL TAMBO (TAMBOPAMBA),ECU.2.2.2_1
Ecuador,BOLIVAR,CHIMBO,SAN JOSE DE CHIMBO,ECU.2.3.3_1
Ecuador,BOLIVAR,CHIMBO,ASUNCION (ASANCOTO),ECU.2.3.1_1
Ecuador,BOLIVAR,CHIMBO,MAGDALENA (CHAPACOTO),ECU.2.3.2_1
Ecuador,BOLIVAR,CHIMBO,SAN SEBASTIAN,ECU.2.3.4_1
Ecuador,BOLIVAR,CHIMBO,TELIMBELA,ECU.2.3.5_1
Ecuador,BOLIVAR,ECHEANDIA,ECHEANDIA,ECU.2.4.1_1
Ecuador,BOLIVAR,SAN MIGUEL,SAN MIGUEL,ECU.2.7.4_1
Ecuador,BOLIVAR,SAN MIGUEL,BALSAPAMBA,ECU.2.7.1_1
Ecuador,BOLIVAR,SAN MIGUEL,BILOVAN,ECU.2.7.2_1
Ecuador,BOLIVAR,SAN MIGUEL,REGULO DE MORA,ECU.2.7.3_1
Ecuador,BOLIVAR,SAN MIGUEL,SAN PABLO (SAN PABLO DE ATENAS),ECU.2.7.5_1
Ecuador,BOLIVAR,SAN MIGUEL,SANTIAGO,ECU.2.7.7_1
Ecuador,BOLIVAR,SAN MIGUEL,SAN VICENTE,ECU.2.7.6_1
Ecuador,BOLIVAR,CALUMA,CALUMA,ECU.2.1.1_1
Ecuador,BOLIVAR,LAS NAVES,LAS NAVES,ECU.2.6.1_1
Ecuador,CARCHI,TULCAN,TULCAN,ECU.4.6.9_1
Ecuador,CARCHI,TULCAN,EL CARMELO (EL PUN),ECU.4.6.1_1
Ecuador,CARCHI,TULCAN,JULIO ANDRADE (OREJUELA),ECU.4.6.3_1
Ecuador,CARCHI,TULCAN,MALDONADO,ECU.4.6.4_1
Ecuador,CARCHI,TULCAN,PIOTER,ECU.4.6.5_1
Ecuador,CARCHI,TULCAN,TOBAR DONOSO (LA BOCANA DE CAMUMBI),ECU.4.6.7_1
Ecuador,CARCHI,TULCAN,TUFIO,ECU.4.6.8_1
Ecuador,CARCHI,TULCAN,URBINA (TAYA),ECU.4.6.10_1
Ecuador,CARCHI,TULCAN,EL CHICAL,ECU.4.6.2_1
Ecuador,CARCHI,TULCAN,SANTA MARTHA DE CUBA,ECU.4.6.6_1
Ecuador,CARCHI,BOLIVAR,BOLIVAR,ECU.4.1.1_1
Ecuador,CARCHI,BOLIVAR,GARCIA MORENO,ECU.4.1.2_1
Ecuador,CARCHI,BOLIVAR,LOS ANDES,ECU.4.1.3_1
Ecuador,CARCHI,BOLIVAR,MONTE OLIVO,ECU.4.1.4_1
Ecuador,CARCHI,BOLIVAR,SAN VICENTE DE PUSIR,ECU.4.1.6_1
Ecuador,CARCHI,BOLIVAR,SAN RAFAEL,ECU.4.1.5_1
Ecuador,CARCHI,ESPEJO,EL ANGEL,ECU.4.2.1_1
Ecuador,CARCHI,ESPEJO,EL GOALTAL,ECU.4.2.2_1
Ecuador,CARCHI,ESPEJO,LA LIBERTAD (ALIZO),ECU.4.2.3_1
Ecuador,CARCHI,ESPEJO,SAN ISIDRO,ECU.4.2.4_1
Ecuador,CARCHI,MIRA,MIRA (CHONTAHUASI),ECU.4.3.4_1
Ecuador,CARCHI,MIRA,CONCEPCION,ECU.4.3.1_1
Ecuador,CARCHI,MIRA,JIJON Y CAAMA (CAB. EN RIO BLANCO),ECU.4.3.2_1
Ecuador,CARCHI,MIRA,JUAN MONTALVO (SAN IGNACIO DE QUIL),ECU.4.3.3_1
Ecuador,CARCHI,MONTUFAR,SAN GABRIEL,ECU.4.4.6_1
Ecuador,CARCHI,MONTUFAR,CRISTOBAL COLON,ECU.4.4.2_1
Ecuador,CARCHI,MONTUFAR,CHITAN DE NAVARRETE,ECU.4.4.1_1
Ecuador,CARCHI,MONTUFAR,FERNANDEZ SALVADOR,ECU.4.4.3_1
Ecuador,CARCHI,MONTUFAR,LA PAZ,ECU.4.4.4_1
Ecuador,CARCHI,MONTUFAR,PIARTAL,ECU.4.4.5_1
Ecuador,CARCHI,SAN PEDRO DE HUACA,HUACA,ECU.4.5.1_1
Ecuador,CARCHI,SAN PEDRO DE HUACA,MARISCAL SUCRE,ECU.4.5.2_1
Ecuador,COTOPAXI,LATACUNGA,LATACUNGA,ECU.6.2.6_1
Ecuador,COTOPAXI,LATACUNGA,ALAQUES (ALAQUEZ),ECU.6.2.2_1
Ecuador,COTOPAXI,LATACUNGA,BELISARIO QUEVEDO (GUANAILIN),ECU.6.2.3_1
Ecuador,COTOPAXI,LATACUNGA,GUAITACAMA (GUAYTACAMA),ECU.6.2.4_1
Ecuador,COTOPAXI,LATACUNGA,JOSEGUANGO BAJO,ECU.6.2.5_1
Ecuador,COTOPAXI,LATACUNGA,MULALO,ECU.6.2.7_1
Ecuador,COTOPAXI,LATACUNGA,11 DE NOVIEMBRE (ILINCHISI),ECU.6.2.1_1
Ecuador,COTOPAXI,LATACUNGA,POALO,ECU.6.2.8_1
Ecuador,COTOPAXI,LATACUNGA,SAN JUAN DE PASTOCALLE,ECU.6.2.9_1
Ecuador,COTOPAXI,LATACUNGA,TANICUCHI,ECU.6.2.10_1
Ecuador,COTOPAXI,LATACUNGA,TOACASO,ECU.6.2.11_1
Ecuador,COTOPAXI,LA MANA,LA MANA,ECU.6.1.2_1
Ecuador,COTOPAXI,LA MANA,GUASAGANDA (CAB. EN GUASAGANDA CENTRO),ECU.6.1.1_1
Ecuador,COTOPAXI,LA MANA,PUCAYACU,ECU.6.1.3_1
Ecuador,COTOPAXI,PANGUA,EL CORAZON,ECU.6.3.1_1
Ecuador,COTOPAXI,PANGUA,MORASPUNGO,ECU.6.3.2_1
Ecuador,COTOPAXI,PANGUA,PINLLOPATA,ECU.6.3.3_1
Ecuador,COTOPAXI,PANGUA,RAMON CAMPAA,ECU.6.3.4_1
Ecuador,COTOPAXI,PUJILI,PUJILI,ECU.6.4.5_1
Ecuador,COTOPAXI,PUJILI,ANGAMARCA,ECU.6.4.1_1
Ecuador,COTOPAXI,PUJILI,GUANGAJE,ECU.6.4.2_1
Ecuador,COTOPAXI,PUJILI,LA VICTORIA,ECU.6.4.3_1
Ecuador,COTOPAXI,PUJILI,PILALO,ECU.6.4.4_1
Ecuador,COTOPAXI,PUJILI,TINGO,ECU.6.4.6_1
Ecuador,COTOPAXI,PUJILI,ZUMBAHUA,ECU.6.4.7_1
Ecuador,COTOPAXI,SALCEDO,SAN MIGUEL,ECU.6.5.6_1
Ecuador,COTOPAXI,SALCEDO,ANTONIO JOSE HOLGUIN (SANTA LUCIA),ECU.6.5.1_1
Ecuador,COTOPAXI,SALCEDO,CUSUBAMBA,ECU.6.5.2_1
Ecuador,COTOPAXI,SALCEDO,MULALILLO,ECU.6.5.3_1
Ecuador,COTOPAXI,SALCEDO,MULLIQUINDIL (SANTA ANA),ECU.6.5.4_1
Ecuador,COTOPAXI,SALCEDO,PANSALEO,ECU.6.5.5_1
Ecuador,COTOPAXI,SAQUISILI,SAQUISILI,ECU.6.6.3_1
Ecuador,COTOPAXI,SAQUISILI,CANCHAGUA,ECU.6.6.1_1
Ecuador,COTOPAXI,SAQUISILI,CHANTILIN,ECU.6.7.1_1
Ecuador,COTOPAXI,SAQUISILI,COCHAPAMBA,ECU.6.6.2_1
Ecuador,COTOPAXI,SIGCHOS,SIGCHOS,ECU.6.8.5_1
Ecuador,COTOPAXI,SIGCHOS,CHUGCHILLAN,ECU.6.8.1_1
Ecuador,COTOPAXI,SIGCHOS,ISINLIVI,ECU.6.8.2_1
Ecuador,COTOPAXI,SIGCHOS,LAS PAMPAS,ECU.6.8.3_1
Ecuador,COTOPAXI,SIGCHOS,PALO QUEMADO,ECU.6.8.4_1
Ecuador,CHIMBORAZO,RIOBAMBA,RIOBAMBA,ECU.5.10.10_1
Ecuador,CHIMBORAZO,RIOBAMBA,CACHA (CAB. EN MACHANGARA),ECU.5.10.1_1
Ecuador,CHIMBORAZO,RIOBAMBA,CALPI,ECU.5.10.2_1
Ecuador,CHIMBORAZO,RIOBAMBA,CUBIJIES,ECU.5.10.3_1
Ecuador,CHIMBORAZO,RIOBAMBA,FLORES,ECU.5.10.4_1
Ecuador,CHIMBORAZO,RIOBAMBA,LICTO,ECU.5.10.6_1
Ecuador,CHIMBORAZO,RIOBAMBA,PUNGALA,ECU.5.10.7_1
Ecuador,CHIMBORAZO,RIOBAMBA,PUNIN,ECU.5.10.8_1
Ecuador,CHIMBORAZO,RIOBAMBA,QUIMIAG,ECU.5.10.9_1
Ecuador,CHIMBORAZO,RIOBAMBA,SAN JUAN,ECU.5.10.11_1
Ecuador,CHIMBORAZO,RIOBAMBA,SAN LUIS,ECU.5.10.12_1
Ecuador,CHIMBORAZO,ALAUSI,ALAUSI,ECU.5.1.2_1
Ecuador,CHIMBORAZO,ALAUSI,ACHUPALLAS,ECU.5.1.1_1
Ecuador,CHIMBORAZO,ALAUSI,GUASUNTOS,ECU.5.1.3_1
Ecuador,CHIMBORAZO,ALAUSI,HUIGRA,ECU.5.1.4_1
Ecuador,CHIMBORAZO,ALAUSI,MULTITUD,ECU.5.1.5_1
Ecuador,CHIMBORAZO,ALAUSI,PISTISHI (NARIZ DEL DIABLO),ECU.5.1.6_1
Ecuador,CHIMBORAZO,ALAUSI,PUMALLACTA,ECU.5.1.7_1
Ecuador,CHIMBORAZO,ALAUSI,SEVILLA,ECU.5.1.8_1
Ecuador,CHIMBORAZO,ALAUSI,SIBAMBE,ECU.5.1.9_1
Ecuador,CHIMBORAZO,ALAUSI,TIXAN,ECU.5.1.10_1
Ecuador,CHIMBORAZO,COLTA,VILLA LA UNION (CAJABAMBA),ECU.5.4.5_1
Ecuador,CHIMBORAZO,COLTA,CAI,ECU.5.4.1_1
Ecuador,CHIMBORAZO,COLTA,COLUMBE,ECU.5.4.2_1
Ecuador,CHIMBORAZO,COLTA,JUAN DE VELASCO (PANGOR),ECU.5.4.3_1
Ecuador,CHIMBORAZO,COLTA,SANTIAGO DE QUITO (CAB. EN SAN ANTONIO DE QUITO),ECU.5.4.4_1
Ecuador,CHIMBORAZO,CHAMBO,CHAMBO,ECU.5.2.1_1
Ecuador,CHIMBORAZO,CHUNCHI,CHUNCHI,ECU.5.3.2_1
Ecuador,CHIMBORAZO,CHUNCHI,CAPZOL,ECU.5.3.1_1
Ecuador,CHIMBORAZO,CHUNCHI,COMPUD,ECU.5.3.3_1
Ecuador,CHIMBORAZO,CHUNCHI,GONZOL,ECU.5.3.4_1
Ecuador,CHIMBORAZO,CHUNCHI,LLAGOS,ECU.5.3.5_1
Ecuador,CHIMBORAZO,GUAMOTE,GUAMOTE,ECU.5.6.2_1
Ecuador,CHIMBORAZO,GUAMOTE,CEBADAS,ECU.5.6.1_1
Ecuador,CHIMBORAZO,GUAMOTE,PALMIRA,ECU.5.6.3_1
Ecuador,CHIMBORAZO,GUANO,GUANANDO,ECU.5.7.1_1
Ecuador,CHIMBORAZO,GUANO,ILAPO,ECU.5.7.3_1
Ecuador,CHIMBORAZO,GUANO,LA PROVIDENCIA,ECU.5.7.4_1
Ecuador,CHIMBORAZO,GUANO,SAN ANDRES,ECU.5.7.5_1
Ecuador,CHIMBORAZO,GUANO,SAN GERARDO DE PACAICAGUAN,ECU.5.7.6_1
Ecuador,CHIMBORAZO,GUANO,SAN ISIDRO DE PATULU,ECU.5.7.7_1
Ecuador,CHIMBORAZO,GUANO,SAN JOSE DEL CHAZO,ECU.5.7.8_1
Ecuador,CHIMBORAZO,GUANO,SANTA FE DE GALAN,ECU.5.7.9_1
Ecuador,CHIMBORAZO,GUANO,VALPARAISO,ECU.5.7.10_1
Ecuador,CHIMBORAZO,PALLATANGA,PALLATANGA,ECU.5.8.1_1
Ecuador,CHIMBORAZO,PENIPE,PENIPE,ECU.5.9.5_1
Ecuador,CHIMBORAZO,PENIPE,EL ALTAR,ECU.5.9.2_1
Ecuador,CHIMBORAZO,PENIPE,MATUS,ECU.5.9.4_1
Ecuador,CHIMBORAZO,PENIPE,PUELA,ECU.5.9.6_1
Ecuador,CHIMBORAZO,PENIPE,SAN ANTONIO DE BAYUSHIG,ECU.5.9.7_1
Ecuador,CHIMBORAZO,PENIPE,LA CANDELARIA,ECU.5.9.3_1
Ecuador,CHIMBORAZO,PENIPE,BILBAO (CAB. EN QUILLUYACU),ECU.5.9.1_1
Ecuador,CHIMBORAZO,CUMANDA,CUMANDA,ECU.5.5.1_1
Ecuador,ESMERALDAS,ESMERALDAS,ESMERALDAS,ECU.8.3.4_1
Ecuador,ESMERALDAS,ESMERALDAS,CAMARONES (CAB. EN SAN VICENTE),ECU.8.3.1_1
Ecuador,ESMERALDAS,ESMERALDAS,CRNEL. CARLOS CONCHA TORRES (CAB. EN HUELE),ECU.8.3.3_1
Ecuador,ESMERALDAS,ESMERALDAS,CHINCA,ECU.8.3.2_1
Ecuador,ESMERALDAS,ESMERALDAS,MAJUA,ECU.8.3.5_1
Ecuador,ESMERALDAS,ESMERALDAS,SAN MATEO,ECU.8.3.6_1
Ecuador,ESMERALDAS,ESMERALDAS,TABIAZO,ECU.8.3.7_1
Ecuador,ESMERALDAS,ESMERALDAS,TACHINA,ECU.8.3.8_1
Ecuador,ESMERALDAS,ESMERALDAS,VUELTA LARGA,ECU.8.3.9_1
Ecuador,ESMERALDAS,ELOY ALFARO,VALDEZ (LIMONES),ECU.8.2.16_1
Ecuador,ESMERALDAS,ELOY ALFARO,ANCHAYACU,ECU.8.2.1_1
Ecuador,ESMERALDAS,ELOY ALFARO,ATAHUALPA (CAB. EN CAMARONES),ECU.8.2.2_1
Ecuador,ESMERALDAS,ELOY ALFARO,BORBON,ECU.8.2.3_1
Ecuador,ESMERALDAS,ELOY ALFARO,LA TOLA,ECU.8.2.5_1
Ecuador,ESMERALDAS,ELOY ALFARO,LUIS VARGAS TORRES (CAB. EN PLAYA DE ORO),ECU.8.2.6_1
Ecuador,ESMERALDAS,ELOY ALFARO,MALDONADO,ECU.8.2.7_1
Ecuador,ESMERALDAS,ELOY ALFARO,PAMPANAL DE BOLIVAR,ECU.8.2.8_1
Ecuador,ESMERALDAS,ELOY ALFARO,SAN FRANCISCO DE ONZOLE,ECU.8.2.9_1
Ecuador,ESMERALDAS,ELOY ALFARO,SANTO DOMINGO DE ONZOLE,ECU.8.2.12_1
Ecuador,ESMERALDAS,ELOY ALFARO,SELVA ALEGRE,ECU.8.2.13_1
Ecuador,ESMERALDAS,ELOY ALFARO,TELEMBI,ECU.8.2.14_1
Ecuador,ESMERALDAS,ELOY ALFARO,COLON ELOY DEL MARIA,ECU.8.2.4_1
Ecuador,ESMERALDAS,ELOY ALFARO,SAN JOSE DE CAYAPAS,ECU.8.2.10_1
Ecuador,ESMERALDAS,ELOY ALFARO,TIMBIRE,ECU.8.2.15_1
Ecuador,ESMERALDAS,MUISNE,MUISNE,ECU.8.4.4_1
Ecuador,ESMERALDAS,MUISNE,BOLIVAR,ECU.8.4.1_1
Ecuador,ESMERALDAS,MUISNE,DAULE,ECU.8.4.2_1
Ecuador,ESMERALDAS,MUISNE,GALERA,ECU.8.4.3_1
Ecuador,ESMERALDAS,MUISNE,QUINGUE (OLMEDO PERDOMO FRANCO),ECU.8.4.5_1
Ecuador,ESMERALDAS,MUISNE,SALIMA,ECU.8.4.6_1
Ecuador,ESMERALDAS,MUISNE,SAN FRANCISCO,ECU.8.4.7_1
Ecuador,ESMERALDAS,MUISNE,SAN GREGORIO,ECU.8.4.8_1
Ecuador,ESMERALDAS,MUISNE,SAN JOSE DE CHAMANGA,ECU.8.4.9_1
Ecuador,ESMERALDAS,QUININDE,ROSA ZARATE (QUININDE),ECU.8.5.5_1
Ecuador,ESMERALDAS,QUININDE,CUBE,ECU.8.5.2_1
Ecuador,ESMERALDAS,QUININDE,CHURA (CHANCAMA) (CAB. EN EL YERBERO),ECU.8.5.1_1
Ecuador,ESMERALDAS,QUININDE,MALIMPIA,ECU.8.5.4_1
Ecuador,ESMERALDAS,QUININDE,VICHE,ECU.8.5.6_1
Ecuador,ESMERALDAS,SAN LORENZO,SAN LORENZO,ECU.8.7.9_1
Ecuador,ESMERALDAS,SAN LORENZO,ALTO TAMBO (CAB EN GUADUAL),ECU.8.7.2_1
Ecuador,ESMERALDAS,SAN LORENZO,ANCON (PICHANGAL) (CAB. EN PALMA REAL),ECU.8.7.3_1
Ecuador,ESMERALDAS,SAN LORENZO,CALDERON,ECU.8.7.4_1
Ecuador,ESMERALDAS,SAN LORENZO,CARONDELET,ECU.8.7.5_1
Ecuador,ESMERALDAS,SAN LORENZO,5 DE JUNIO (CAB. EN UIMBI),ECU.8.7.1_1
Ecuador,ESMERALDAS,SAN LORENZO,CONCEPCION,ECU.8.7.6_1
Ecuador,ESMERALDAS,SAN LORENZO,MATAJE (CAB. EN SANTANDER),ECU.8.7.7_1
Ecuador,ESMERALDAS,SAN LORENZO,SAN JAVIER DE CACHAVI (CAB. EN SAN JAVIER),ECU.8.7.8_1
Ecuador,ESMERALDAS,SAN LORENZO,SANTA RITA,ECU.8.7.10_1
Ecuador,ESMERALDAS,SAN LORENZO,TAMBILLO,ECU.8.7.11_1
Ecuador,ESMERALDAS,SAN LORENZO,TULULBI (CAB. EN RICAURTE),ECU.8.7.12_1
Ecuador,ESMERALDAS,SAN LORENZO,URBINA,ECU.8.7.13_1
Ecuador,ESMERALDAS,ATACAMES,ATACAMES,ECU.8.1.1_1
Ecuador,ESMERALDAS,ATACAMES,LA UNION,ECU.8.1.2_1
Ecuador,ESMERALDAS,ATACAMES,TONCHIGUE,ECU.8.1.4_1
Ecuador,ESMERALDAS,RIOVERDE,RIOVERDE,ECU.8.6.5_1
Ecuador,ESMERALDAS,RIOVERDE,CHONTADURO,ECU.8.6.1_1
Ecuador,ESMERALDAS,RIOVERDE,CHUMUNDE,ECU.8.6.2_1
Ecuador,ESMERALDAS,RIOVERDE,LAGARTO,ECU.8.6.3_1
Ecuador,ESMERALDAS,RIOVERDE,MONTALVO (CAB EN HORQUETA),ECU.8.6.4_1
Ecuador,ESMERALDAS,RIOVERDE,ROCAFUERTE,ECU.8.6.6_1
Ecuador,IMBABURA,IBARRA,SAN MIGUEL DE IBARRA,ECU.11.3.8_1
Ecuador,IMBABURA,IBARRA,AMBUQUI,ECU.11.3.1_1
Ecuador,IMBABURA,IBARRA,ANGOCHAGUA,ECU.11.3.2_1
Ecuador,IMBABURA,IBARRA,CAROLINA,ECU.11.3.3_1
Ecuador,IMBABURA,IBARRA,LA ESPERANZA,ECU.11.3.4_1
Ecuador,IMBABURA,IBARRA,LITA,ECU.11.3.5_1
Ecuador,IMBABURA,IBARRA,SALINAS,ECU.11.3.6_1
Ecuador,IMBABURA,IBARRA,SAN ANTONIO,ECU.11.3.7_1
Ecuador,IMBABURA,ANTONIO ANTE,ATUNTAQUI,ECU.11.1.1_1
Ecuador,IMBABURA,ANTONIO ANTE,IMBAYA (SAN LUIS DE COBUENDO),ECU.11.1.2_1
Ecuador,IMBABURA,ANTONIO ANTE,SAN JOSE DE CHALTURA,ECU.11.1.4_1
Ecuador,IMBABURA,ANTONIO ANTE,SAN ROQUE,ECU.11.1.5_1
Ecuador,IMBABURA,COTACACHI,COTACACHI,ECU.11.2.3_1
Ecuador,IMBABURA,COTACACHI,APUELA,ECU.11.2.2_1
Ecuador,IMBABURA,COTACACHI,GARCIA MORENO (LLURIMAGUA),ECU.11.2.4_1
Ecuador,IMBABURA,COTACACHI,IMANTAG,ECU.11.2.5_1
Ecuador,IMBABURA,COTACACHI,PEAHERRERA,ECU.11.2.6_1
Ecuador,IMBABURA,COTACACHI,PLAZA GUTIERREZ (CALVARIO),ECU.11.2.7_1
Ecuador,IMBABURA,COTACACHI,QUIROGA,ECU.11.2.8_1
Ecuador,IMBABURA,COTACACHI,6 DE JULIO DE CUELLAJE (CAB. EN CUELLAJE),ECU.11.2.1_1
Ecuador,IMBABURA,COTACACHI,VACAS GALINDO (EL CHURO) (CAB. EN SAN MIGUEL ALTO),ECU.11.2.9_1
Ecuador,IMBABURA,OTAVALO,OTAVALO,ECU.11.4.4_1
Ecuador,IMBABURA,OTAVALO,DOCTOR MIGUEL EGAS CABEZAS (PEGUCHE),ECU.11.4.1_1
Ecuador,IMBABURA,OTAVALO,EUGENIO ESPEJO (CALPAQUI),ECU.11.4.2_1
Ecuador,IMBABURA,OTAVALO,GONZALEZ SUAREZ,ECU.11.4.3_1
Ecuador,IMBABURA,OTAVALO,PATAQUI,ECU.11.4.5_1
Ecuador,IMBABURA,OTAVALO,SAN JOSE DE QUICHINCHE,ECU.11.4.6_1
Ecuador,IMBABURA,OTAVALO,SAN JUAN DE ILUMAN,ECU.11.4.7_1
Ecuador,IMBABURA,OTAVALO,SAN PABLO,ECU.11.4.8_1
Ecuador,IMBABURA,OTAVALO,SAN RAFAEL,ECU.11.4.9_1
Ecuador,IMBABURA,OTAVALO,SELVA ALEGRE (CAB. EN SAN MIGUEL DE PAMPLONA),ECU.11.4.10_1
Ecuador,IMBABURA,PIMAMPIRO,PIMAMPIRO,ECU.11.5.3_1
Ecuador,IMBABURA,PIMAMPIRO,CHUGA,ECU.11.5.1_1
Ecuador,IMBABURA,PIMAMPIRO,MARIANO ACOSTA,ECU.11.5.2_1
Ecuador,IMBABURA,PIMAMPIRO,SAN  FCO. DE SIGSIPAMBA,ECU.11.5.4_1
Ecuador,IMBABURA,SAN MIGUEL DE URCUQUI,URCUQUI,ECU.11.6.6_1
Ecuador,IMBABURA,SAN MIGUEL DE URCUQUI,CAHUASQUI,ECU.11.6.1_1
Ecuador,IMBABURA,SAN MIGUEL DE URCUQUI,PABLO ARENAS,ECU.11.6.3_1
Ecuador,IMBABURA,SAN MIGUEL DE URCUQUI,SAN BLAS,ECU.11.6.4_1
Ecuador,IMBABURA,SAN MIGUEL DE URCUQUI,TUMBABIRO,ECU.11.6.5_1
Ecuador,NAPO,TENA,SAN JUAN DE MUYUNA,ECU.16.5.6_1
Ecuador,NAPO,TENA,AHUANO,ECU.16.5.1_1
Ecuador,NAPO,TENA,CHONTAPUNTA,ECU.16.5.2_1
Ecuador,NAPO,TENA,PANO,ECU.16.5.3_1
Ecuador,NAPO,TENA,PUERTO MISAHUALLI,ECU.16.5.4_1
Ecuador,NAPO,TENA,PUERTO NAPO,ECU.16.5.5_1
Ecuador,NAPO,TENA,TALAG,ECU.16.5.7_1
Ecuador,NAPO,ARCHIDONA,ARCHIDONA,ECU.16.1.1_1
Ecuador,NAPO,ARCHIDONA,COTUNDO,ECU.16.1.2_1
Ecuador,NAPO,ARCHIDONA,SAN PABLO DE USHPAYACU,ECU.16.1.4_1
Ecuador,NAPO,EL CHACO,EL CHACO,ECU.16.3.1_1
Ecuador,NAPO,EL CHACO,GONZALO DIAZ DE PINEDA (EL BOMBON),ECU.16.3.2_1
Ecuador,NAPO,EL CHACO,LINARES,ECU.16.3.3_1
Ecuador,NAPO,EL CHACO,OYACACHI,ECU.16.3.4_1
Ecuador,NAPO,EL CHACO,SANTA ROSA,ECU.16.3.5_1
Ecuador,NAPO,EL CHACO,SARDINAS,ECU.16.3.6_1
Ecuador,NAPO,QUIJOS,BAEZA,ECU.16.4.1_1
Ecuador,NAPO,QUIJOS,COSANGA,ECU.16.4.2_1
Ecuador,NAPO,QUIJOS,CUYUJA,ECU.16.4.3_1
Ecuador,NAPO,QUIJOS,PAPALLACTA,ECU.16.4.4_1
Ecuador,NAPO,QUIJOS,SAN FRANCISCO DE BORJA (VIRGILIO DAVILA),ECU.16.4.5_1
Ecuador,NAPO,QUIJOS,SUMACO,ECU.16.4.6_1
Ecuador,NAPO,CARLOS JULIO AROSEMENA TOLA,CARLOS JULIO AROSEMENA TOLA,ECU.16.2.1_1
Ecuador,PASTAZA,PASTAZA,PUYO,ECU.18.4.7_1
Ecuador,PASTAZA,PASTAZA,CANELOS,ECU.18.4.1_1
Ecuador,PASTAZA,PASTAZA,DIEZ DE AGOSTO,ECU.18.4.2_1
Ecuador,PASTAZA,PASTAZA,FATIMA,ECU.18.4.4_1
Ecuador,PASTAZA,PASTAZA,MONTALVO (ANDOAS),ECU.18.4.5_1
Ecuador,PASTAZA,PASTAZA,POMONA,ECU.18.4.6_1
Ecuador,PASTAZA,PASTAZA,RIO CORRIENTES,ECU.18.4.8_1
Ecuador,PASTAZA,PASTAZA,RIO TIGRE,ECU.18.4.9_1
Ecuador,PASTAZA,PASTAZA,SARAYACU,ECU.18.4.10_1
Ecuador,PASTAZA,PASTAZA,SIMON BOLIVAR (CAB. EN MUSHULLACTA),ECU.18.4.11_1
Ecuador,PASTAZA,PASTAZA,TARQUI,ECU.18.4.12_1
Ecuador,PASTAZA,PASTAZA,TENIENTE HUGO ORTIZ,ECU.18.4.13_1
Ecuador,PASTAZA,PASTAZA,VERACRUZ (INDILLAMA) (CAB. EN INDILLAMA),ECU.18.4.14_1
Ecuador,PASTAZA,PASTAZA,EL TRIUNFO,ECU.18.4.3_1
Ecuador,PASTAZA,MERA,MERA,ECU.18.2.1_1
Ecuador,PASTAZA,MERA,MADRE TIERRA,ECU.18.3.1_1
Ecuador,PASTAZA,MERA,SHELL,ECU.18.3.2_1
Ecuador,PASTAZA,SANTA CLARA,SANTA CLARA,ECU.18.5.2_1
Ecuador,PASTAZA,SANTA CLARA,SAN JOSE,ECU.18.5.1_1
Ecuador,PASTAZA,ARAJUNO,ARAJUNO,ECU.18.1.1_1
Ecuador,PASTAZA,ARAJUNO,CURARAY,ECU.18.1.2_1
Ecuador,PICHINCHA,QUITO,ALANGASI,ECU.19.6.1_1
Ecuador,PICHINCHA,QUITO,AMAGUAA,ECU.19.6.2_1
Ecuador,PICHINCHA,QUITO,ATAHUALPA (HABASPAMBA),ECU.19.6.3_1
Ecuador,PICHINCHA,QUITO,CALACALI,ECU.19.6.4_1
Ecuador,PICHINCHA,QUITO,CALDERON (CARAPUNGO),ECU.19.6.5_1
Ecuador,PICHINCHA,QUITO,CONOCOTO,ECU.19.6.8_1
Ecuador,PICHINCHA,QUITO,CUMBAYA,ECU.19.6.9_1
Ecuador,PICHINCHA,QUITO,CHAVEZPAMBA,ECU.19.6.6_1
Ecuador,PICHINCHA,QUITO,CHECA (CHILPA),ECU.19.6.7_1
Ecuador,PICHINCHA,QUITO,EL QUINCHE,ECU.19.6.10_1
Ecuador,PICHINCHA,QUITO,GUALEA,ECU.19.6.11_1
Ecuador,PICHINCHA,QUITO,GUANGOPOLO,ECU.19.6.12_1
Ecuador,PICHINCHA,QUITO,GUAYLLABAMBA,ECU.19.6.13_1
Ecuador,PICHINCHA,QUITO,LA MERCED,ECU.19.6.14_1
Ecuador,PICHINCHA,QUITO,LLANO CHICO,ECU.19.6.15_1
Ecuador,PICHINCHA,QUITO,LLOA,ECU.19.6.16_1
Ecuador,PICHINCHA,QUITO,NANEGAL,ECU.19.6.17_1
Ecuador,PICHINCHA,QUITO,NANEGALITO,ECU.19.6.18_1
Ecuador,PICHINCHA,QUITO,NAYON,ECU.19.6.19_1
Ecuador,PICHINCHA,QUITO,NONO,ECU.19.6.20_1
Ecuador,PICHINCHA,QUITO,PACTO,ECU.19.6.21_1
Ecuador,PICHINCHA,QUITO,PERUCHO,ECU.19.6.22_1
Ecuador,PICHINCHA,QUITO,PIFO,ECU.19.6.23_1
Ecuador,PICHINCHA,QUITO,PINTAG,ECU.19.6.24_1
Ecuador,PICHINCHA,QUITO,POMASQUI,ECU.19.6.25_1
Ecuador,PICHINCHA,QUITO,PUELLARO,ECU.19.6.26_1
Ecuador,PICHINCHA,QUITO,PUEMBO,ECU.19.6.27_1
Ecuador,PICHINCHA,QUITO,SAN ANTONIO,ECU.19.6.29_1
Ecuador,PICHINCHA,QUITO,SAN JOSE DE MINAS,ECU.19.6.30_1
Ecuador,PICHINCHA,QUITO,TABABELA,ECU.19.6.31_1
Ecuador,PICHINCHA,QUITO,TUMBACO,ECU.19.6.32_1
Ecuador,PICHINCHA,QUITO,YARUQUI,ECU.19.6.33_1
Ecuador,PICHINCHA,QUITO,ZAMBIZA,ECU.19.6.34_1
Ecuador,PICHINCHA,CAYAMBE,CAYAMBE,ECU.19.1.3_1
Ecuador,PICHINCHA,CAYAMBE,ASCAZUBI,ECU.19.1.1_1
Ecuador,PICHINCHA,CAYAMBE,CANGAHUA,ECU.19.1.2_1
Ecuador,PICHINCHA,CAYAMBE,OLMEDO (PESILLO),ECU.19.1.4_1
Ecuador,PICHINCHA,CAYAMBE,OTON,ECU.19.1.5_1
Ecuador,PICHINCHA,CAYAMBE,SANTA ROSA DE CUZUBAMBA,ECU.19.1.7_1
Ecuador,PICHINCHA,MEJIA,MACHACHI,ECU.19.2.5_1
Ecuador,PICHINCHA,MEJIA,ALOAG,ECU.19.2.1_1
Ecuador,PICHINCHA,MEJIA,ALOASI,ECU.19.2.2_1
Ecuador,PICHINCHA,MEJIA,EL CHAUPI,ECU.19.2.4_1
Ecuador,PICHINCHA,MEJIA,MANUEL CORNEJO ASTORGA (TANDAPI),ECU.19.2.6_1
Ecuador,PICHINCHA,MEJIA,TAMBILLO,ECU.19.2.7_1
Ecuador,PICHINCHA,PEDRO MONCAYO,TABACUNDO,ECU.19.3.3_1
Ecuador,PICHINCHA,PEDRO MONCAYO,LA ESPERANZA,ECU.19.3.1_1
Ecuador,PICHINCHA,PEDRO MONCAYO,MALCHINGUI,ECU.19.3.2_1
Ecuador,PICHINCHA,PEDRO MONCAYO,TOCACHI,ECU.19.3.4_1
Ecuador,PICHINCHA,PEDRO MONCAYO,TUPIGACHI,ECU.19.3.5_1
Ecuador,PICHINCHA,RUMIÑAHUI,COTOGCHOA,ECU.19.7.1_1
Ecuador,PICHINCHA,RUMIÑAHUI,RUMIPAMBA,ECU.19.7.2_1
Ecuador,PICHINCHA,SAN MIGUEL DE LOS BANCOS,SAN MIGUEL DE LOS BANCOS,ECU.19.8.2_1
Ecuador,PICHINCHA,SAN MIGUEL DE LOS BANCOS,MINDO,ECU.19.8.1_1
Ecuador,PICHINCHA,PEDRO VICENTE MALDONADO,PEDRO VICENTE MALDONADO,ECU.19.4.1_1
Ecuador,PICHINCHA,PUERTO QUITO,PUERTO QUITO,ECU.19.5.1_1
Ecuador,TUNGURAHUA,AMBATO,AMBATILLO,ECU.23.1.1_1
Ecuador,TUNGURAHUA,AMBATO,ATAHUALPA (CHISALATA),ECU.23.1.3_1
Ecuador,TUNGURAHUA,AMBATO,CONSTANTINO FERNANDEZ (CAB. EN CULLITAHUA),ECU.23.1.5_1
Ecuador,TUNGURAHUA,AMBATO,HUACHI GRANDE,ECU.23.1.7_1
Ecuador,TUNGURAHUA,AMBATO,IZAMBA,ECU.23.1.8_1
Ecuador,TUNGURAHUA,AMBATO,JUAN BENIGNO VELA,ECU.23.1.9_1
Ecuador,TUNGURAHUA,AMBATO,MONTALVO,ECU.23.1.10_1
Ecuador,TUNGURAHUA,AMBATO,PASA,ECU.23.1.11_1
Ecuador,TUNGURAHUA,AMBATO,PILAGUIN (PILAHUIN),ECU.23.1.13_1
Ecuador,TUNGURAHUA,AMBATO,QUISAPINCHA (QUIZAPINCHA),ECU.23.1.14_1
Ecuador,TUNGURAHUA,AMBATO,SAN BARTOLOME DE PINLLOG,ECU.23.1.15_1
Ecuador,TUNGURAHUA,AMBATO,SAN FERNANDO (PASA SAN FERNANDO),ECU.23.1.16_1
Ecuador,TUNGURAHUA,AMBATO,SANTA ROSA,ECU.23.1.17_1
Ecuador,TUNGURAHUA,AMBATO,TOTORAS,ECU.23.1.18_1
Ecuador,TUNGURAHUA,AMBATO,CUNCHIBAMBA,ECU.23.1.6_1
Ecuador,TUNGURAHUA,AMBATO,UNAMUNCHO,ECU.23.1.19_1
Ecuador,TUNGURAHUA,BAOS DE AGUA SANTA,BAOS DE AGUA SANTA,ECU.23.2.1_1
Ecuador,TUNGURAHUA,BAOS DE AGUA SANTA,LLIGUA,ECU.23.2.2_1
Ecuador,TUNGURAHUA,BAOS DE AGUA SANTA,RIO NEGRO,ECU.23.2.3_1
Ecuador,TUNGURAHUA,BAOS DE AGUA SANTA,RIO VERDE,ECU.23.2.4_1
Ecuador,TUNGURAHUA,BAOS DE AGUA SANTA,ULBA,ECU.23.2.5_1
Ecuador,TUNGURAHUA,CEVALLOS,CEVALLOS,ECU.23.3.1_1
Ecuador,TUNGURAHUA,MOCHA,MOCHA,ECU.23.4.1_1
Ecuador,TUNGURAHUA,MOCHA,PINGUILI,ECU.23.4.2_1
Ecuador,TUNGURAHUA,PATATE,PATATE,ECU.23.5.3_1
Ecuador,TUNGURAHUA,PATATE,EL TRIUNFO,ECU.23.5.1_1
Ecuador,TUNGURAHUA,PATATE,LOS ANDES (CAB. EN POATUG),ECU.23.5.2_1
Ecuador,TUNGURAHUA,PATATE,SUCRE (CAB. EN SUCRE-PATATE URCU),ECU.23.5.4_1
Ecuador,TUNGURAHUA,QUERO,QUERO,ECU.23.6.1_1
Ecuador,TUNGURAHUA,QUERO,RUMIPAMBA,ECU.23.6.2_1
Ecuador,TUNGURAHUA,QUERO,YANAYACU - MOCHAPATA (CAB. EN YANAYACU),ECU.23.6.3_1
Ecuador,TUNGURAHUA,SAN PEDRO DE PELILEO,PELILEO,ECU.23.7.8_1
Ecuador,TUNGURAHUA,SAN PEDRO DE PELILEO,BENITEZ (PACHANLICA),ECU.23.7.1_1
Ecuador,TUNGURAHUA,SAN PEDRO DE PELILEO,BOLIVAR,ECU.23.7.2_1
Ecuador,TUNGURAHUA,SAN PEDRO DE PELILEO,COTALO,ECU.23.7.4_1
Ecuador,TUNGURAHUA,SAN PEDRO DE PELILEO,CHIQUICHA (CAB. EN CHIQUICHA GRANDE),ECU.23.7.3_1
Ecuador,TUNGURAHUA,SAN PEDRO DE PELILEO,EL ROSARIO (RUMICHACA),ECU.23.7.5_1
Ecuador,TUNGURAHUA,SAN PEDRO DE PELILEO,GARCIA MORENO (CHUMAQUI),ECU.23.7.6_1
Ecuador,TUNGURAHUA,SAN PEDRO DE PELILEO,GUAMBALO (HUAMBALO),ECU.23.7.7_1
Ecuador,TUNGURAHUA,SAN PEDRO DE PELILEO,SALASACA,ECU.23.7.9_1
Ecuador,TUNGURAHUA,SANTIAGO DE PILLARO,PILLARO,ECU.23.8.4_1
Ecuador,TUNGURAHUA,SANTIAGO DE PILLARO,BAQUERIZO MORENO,ECU.23.8.1_1
Ecuador,TUNGURAHUA,SANTIAGO DE PILLARO,EMILIO MARIA TERAN (RUMIPAMBA),ECU.23.8.2_1
Ecuador,TUNGURAHUA,SANTIAGO DE PILLARO,MARCOS ESPINEL (CHACATA),ECU.23.8.3_1
Ecuador,TUNGURAHUA,SANTIAGO DE PILLARO,PRESIDENTE URBINA (CHAGRAPAMBA -PATZUCUL),ECU.23.8.5_1
Ecuador,TUNGURAHUA,SANTIAGO DE PILLARO,SAN ANDRES,ECU.23.8.6_1
Ecuador,TUNGURAHUA,SANTIAGO DE PILLARO,SAN JOSE DE POALO,ECU.23.8.7_1
Ecuador,TUNGURAHUA,SANTIAGO DE PILLARO,SAN MIGUELITO,ECU.23.8.8_1
Ecuador,TUNGURAHUA,TISALEO,TISALEO,ECU.23.9.2_1
Ecuador,TUNGURAHUA,TISALEO,QUINCHICOTO,ECU.23.9.1_1
Ecuador,SUCUMBIOS,LAGO AGRIO,NUEVA LOJA,ECU.22.4.6_1
Ecuador,SUCUMBIOS,LAGO AGRIO,DURENO,ECU.22.4.2_1
Ecuador,SUCUMBIOS,LAGO AGRIO,GENERAL FARFAN,ECU.22.4.4_1
Ecuador,SUCUMBIOS,LAGO AGRIO,EL ENO,ECU.22.4.3_1
Ecuador,SUCUMBIOS,LAGO AGRIO,PACAYACU,ECU.22.4.7_1
Ecuador,SUCUMBIOS,LAGO AGRIO,JAMBELI,ECU.22.4.5_1
Ecuador,SUCUMBIOS,LAGO AGRIO,SANTA CECILIA,ECU.22.4.8_1
Ecuador,SUCUMBIOS,GONZALO PIZARRO,LUMBAQUI,ECU.22.3.3_1
Ecuador,SUCUMBIOS,GONZALO PIZARRO,EL REVENTADOR,ECU.22.3.1_1
Ecuador,SUCUMBIOS,GONZALO PIZARRO,GONZALO PIZARRO,ECU.22.3.2_1
Ecuador,SUCUMBIOS,GONZALO PIZARRO,PUERTO LIBRE,ECU.22.3.4_1
Ecuador,SUCUMBIOS,PUTUMAYO,PUERTO EL CARMEN DEL PUTUMAYO,ECU.22.5.3_1
Ecuador,SUCUMBIOS,PUTUMAYO,PALMA ROJA,ECU.22.5.1_1
Ecuador,SUCUMBIOS,PUTUMAYO,PUERTO BOLIVAR (PUERTO MONTUFAR),ECU.22.5.2_1
Ecuador,SUCUMBIOS,PUTUMAYO,PUERTO RODRIGUEZ,ECU.22.5.4_1
Ecuador,SUCUMBIOS,PUTUMAYO,SANTA ELENA,ECU.22.5.5_1
Ecuador,SUCUMBIOS,SHUSHUFINDI,SHUSHUFINDI,ECU.22.6.5_1
Ecuador,SUCUMBIOS,SHUSHUFINDI,LIMONCOCHA,ECU.22.6.1_1
Ecuador,SUCUMBIOS,SHUSHUFINDI,PAACOCHA,ECU.22.6.2_1
Ecuador,SUCUMBIOS,SHUSHUFINDI,SAN ROQUE (CAB. EN SAN VICENTE),ECU.22.6.4_1
Ecuador,SUCUMBIOS,SHUSHUFINDI,SAN PEDRO DE LOS COFANES,ECU.22.6.3_1
Ecuador,SUCUMBIOS,SHUSHUFINDI,SIETE DE JULIO,ECU.22.6.6_1
Ecuador,SUCUMBIOS,SUCUMBIOS,LA BONITA,ECU.22.7.2_1
Ecuador,SUCUMBIOS,SUCUMBIOS,EL PLAYON DE SAN FRANCISCO,ECU.22.7.1_1
Ecuador,SUCUMBIOS,SUCUMBIOS,LA SOFIA,ECU.22.7.3_1
Ecuador,SUCUMBIOS,SUCUMBIOS,ROSA FLORIDA,ECU.22.7.4_1
Ecuador,SUCUMBIOS,SUCUMBIOS,SANTA BARBARA,ECU.22.7.5_1
Ecuador,SUCUMBIOS,CASCALES,EL DORADO DE CASCALES,ECU.22.1.1_1
Ecuador,SUCUMBIOS,CASCALES,SANTA ROSA DE SUCUMBIOS,ECU.22.1.2_1
Ecuador,SUCUMBIOS,CASCALES,SEVILLA,ECU.22.1.3_1
Ecuador,SUCUMBIOS,CUYABENO,TARAPOA,ECU.22.2.3_1
Ecuador,SUCUMBIOS,CUYABENO,CUYABENO,ECU.22.2.2_1
Ecuador,SUCUMBIOS,CUYABENO,AGUAS NEGRAS,ECU.22.2.1_1
Ecuador,ORELLANA,ORELLANA,PUERTO FRANCISCO DE ORELLANA (EL COCA),ECU.17.4.9_1
Ecuador,ORELLANA,ORELLANA,DAYUMA,ECU.17.4.2_1
Ecuador,ORELLANA,ORELLANA,TARACOA (NUEVA ESPERANZA: YUCA),ECU.17.4.12_1
Ecuador,ORELLANA,ORELLANA,ALEJANDRO LABAKA,ECU.17.4.1_1
Ecuador,ORELLANA,ORELLANA,EL DORADO,ECU.17.4.3_1
Ecuador,ORELLANA,ORELLANA,EL EDEN,ECU.17.4.4_1
Ecuador,ORELLANA,ORELLANA,GARCIA MORENO,ECU.17.4.5_1
Ecuador,ORELLANA,ORELLANA,INES ARANGO (CAB. EN WESTERN),ECU.17.4.6_1
Ecuador,ORELLANA,ORELLANA,LA BELLEZA,ECU.17.4.7_1
Ecuador,ORELLANA,ORELLANA,NUEVO PARAISO (CAB. EN UNION ),ECU.17.4.8_1
Ecuador,ORELLANA,ORELLANA,SAN JOSE DE GUAYUSA,ECU.17.4.10_1
Ecuador,ORELLANA,ORELLANA,SAN LUIS DE ARMENIA,ECU.17.4.11_1
Ecuador,ORELLANA,AGUARICO,NUEVO ROCAFUERTE,ECU.17.1.3_1
Ecuador,ORELLANA,AGUARICO,CAPITAN AUGUSTO RIVADENEYRA,ECU.17.1.1_1
Ecuador,ORELLANA,AGUARICO,CONONACO,ECU.17.1.2_1
Ecuador,ORELLANA,AGUARICO,SANTA MARIA DE HUIRIRIMA,ECU.17.1.4_1
Ecuador,ORELLANA,AGUARICO,TIPUTINI,ECU.17.1.5_1
Ecuador,ORELLANA,AGUARICO,YASUNI,ECU.17.1.6_1
Ecuador,ORELLANA,LA JOYA DE LOS SACHAS,LA JOYA DE LOS SACHAS,ECU.17.2.2_1
Ecuador,ORELLANA,LA JOYA DE LOS SACHAS,ENOKANQUI,ECU.17.2.1_1
Ecuador,ORELLANA,LA JOYA DE LOS SACHAS,POMPEYA,ECU.17.2.4_1
Ecuador,ORELLANA,LA JOYA DE LOS SACHAS,SAN CARLOS,ECU.17.2.6_1
Ecuador,ORELLANA,LA JOYA DE LOS SACHAS,SAN SEBASTIAN DEL COCA,ECU.17.2.7_1
Ecuador,ORELLANA,LA JOYA DE LOS SACHAS,LAGO SAN PEDRO,ECU.17.2.3_1
Ecuador,ORELLANA,LA JOYA DE LOS SACHAS,RUMIPAMBA,ECU.17.2.5_1
Ecuador,ORELLANA,LA JOYA DE LOS SACHAS,TRES DE NOVIEMBRE,ECU.17.2.8_1
Ecuador,ORELLANA,LA JOYA DE LOS SACHAS,UNION MILAGREA,ECU.17.2.9_1
Ecuador,ORELLANA,LORETO,LORETO,ECU.17.3.2_1
Ecuador,ORELLANA,LORETO,AVILA (CAB. EN HUIRUNO),ECU.17.3.1_1
Ecuador,ORELLANA,LORETO,PUERTO MURIALDO,ECU.17.3.3_1
Ecuador,ORELLANA,LORETO,SAN JOSE DE PAYAMINO,ECU.17.3.5_1
Ecuador,ORELLANA,LORETO,SAN JOSE DE DAHUANO,ECU.17.3.4_1
Ecuador,ORELLANA,LORETO,SAN VICENTE DE HUATICOCHA,ECU.17.3.6_1
Ecuador,SANTO DOMINGO DE LOS TSACHILAS,SANTO DOMINGO,SANTO DOMINGO DE LOS COLORADOS,ECU.21.2.7_1
Ecuador,SANTO DOMINGO DE LOS TSACHILAS,SANTO DOMINGO,ALLURIQUIN,ECU.21.2.1_1
Ecuador,SANTO DOMINGO DE LOS TSACHILAS,SANTO DOMINGO,PUERTO LIMON,ECU.21.2.4_1
Ecuador,SANTO DOMINGO DE LOS TSACHILAS,SANTO DOMINGO,LUZ DE AMERICA,ECU.21.2.3_1
Ecuador,SANTO DOMINGO DE LOS TSACHILAS,SANTO DOMINGO,SAN JACINTO DEL BUA,ECU.21.2.5_1
Ecuador,SANTO DOMINGO DE LOS TSACHILAS,SANTO DOMINGO,VALLE HERMOSO,ECU.21.2.8_1
Ecuador,SANTO DOMINGO DE LOS TSACHILAS,SANTO DOMINGO,EL ESFUERZO,ECU.21.2.2_1
Ecuador,SANTO DOMINGO DE LOS TSACHILAS,SANTO DOMINGO,SANTA MARIA DEL TOACHI,ECU.21.2.6_1
Ecuador,ZONA NO DELIMITADA,LAS GOLONDRINAS,LAS GOLONDRINAS,
Ecuador,ZONA NO DELIMITADA,EL PIEDRERO,EL PIEDRERO,ECU.3.3.13_1
Ecuador,IMBABURA,SAN MIGUEL DE URCUQUI,LA MERCED DE BUENOS AIRES,ECU.11.6.2_1
Ecuador,PICHINCHA,QUITO,QUITO,ECU.19.6.28_1
Ecuador,ESMERALDAS,ATACAMES,SUA (CAB. EN LA BOCANA),ECU.8.1.3_1
Ecuador,ESMERALDAS,ATACAMES,TONSUPA,ECU.8.1.5_1
Ecuador,ESMERALDAS,LA CONCORDIA,PLAN PILOTO,ECU.21.1.4_1
Ecuador,IMBABURA,ANTONIO ANTE,SAN FCO. DE NATABUELA,ECU.11.1.3_1
Ecuador,PICHINCHA,RUMI?ÉAHUI,SANGOLQUI,ECU.19.7.3_1
Ecuador,TUNGURAHUA,AMBATO,AMBATO,ECU.23.1.2_1
Ecuador,TUNGURAHUA,AMBATO,AUGUSTO N. MARTINEZ (MUNDUGLEO),ECU.23.1.4_1
Ecuador,TUNGURAHUA,AMBATO,PICAIGUA,ECU.23.1.12_1
Ecuador,CHIMBORAZO,RIOBAMBA,LICAN,ECU.5.10.5_1
Ecuador,CHIMBORAZO,GUANO,GUANO,ECU.5.7.2_1
Ecuador,AZUAY,CUENCA,BAOS,ECU.1.3.1_1
Ecuador,AZUAY,CUENCA,CUMBE,ECU.1.3.6_1
Ecuador,AZUAY,CUENCA,CHAUCHA,ECU.1.3.2_1
Ecuador,AZUAY,CUENCA,CHECA (JIDCAY),ECU.1.3.3_1
Ecuador,AZUAY,CUENCA,CHIQUINTAD,ECU.1.3.4_1
Ecuador,AZUAY,CUENCA,LLACAO,ECU.1.3.7_1
Ecuador,AZUAY,CUENCA,MOLLETURO,ECU.1.3.8_1
Ecuador,AZUAY,CUENCA,NULTI,ECU.1.3.9_1
Ecuador,AZUAY,CUENCA,OCTAVIO CORDERO PALACIOS (STA. ROSA),ECU.1.3.10_1
Ecuador,AZUAY,CUENCA,PACCHA,ECU.1.3.11_1
Ecuador,AZUAY,CUENCA,QUINGEO,ECU.1.3.12_1
Ecuador,AZUAY,CUENCA,RICAURTE,ECU.1.3.13_1
Ecuador,AZUAY,CUENCA,SAN JOAQUIN,ECU.1.3.14_1
Ecuador,AZUAY,CUENCA,SANTA ANA,ECU.1.3.15_1
Ecuador,AZUAY,CUENCA,SAYAUSI,ECU.1.3.16_1
Ecuador,AZUAY,CUENCA,SIDCAY,ECU.1.3.17_1
Ecuador,AZUAY,CUENCA,SININCAY,ECU.1.3.18_1
Ecuador,AZUAY,CUENCA,TARQUI,ECU.1.3.19_1
Ecuador,AZUAY,CUENCA,TURI,ECU.1.3.20_1
Ecuador,AZUAY,CUENCA,VALLE,ECU.1.3.21_1
Ecuador,AZUAY,CUENCA,VICTORIA DEL PORTETE (IRQUIS),ECU.1.3.22_1
Ecuador,AZUAY,GIRON,GIRON,ECU.1.5.2_1
Ecuador,AZUAY,GIRON,ASUNCION,ECU.1.5.1_1
Ecuador,AZUAY,GIRON,SAN GERARDO,ECU.1.5.3_1
Ecuador,AZUAY,GUALACEO,GUALACEO,ECU.1.7.2_1
Ecuador,AZUAY,GUALACEO,DANIEL CORDOVA TORAL (EL ORIENTE),ECU.1.7.1_1
Ecuador,AZUAY,GUALACEO,JADAN,ECU.1.7.3_1
Ecuador,AZUAY,GUALACEO,MARIANO MORENO,ECU.1.7.5_1
Ecuador,AZUAY,GUALACEO,REMIGIO CRESPO TORAL (GULAG),ECU.1.7.6_1
Ecuador,AZUAY,GUALACEO,SAN JUAN,ECU.1.7.7_1
Ecuador,AZUAY,GUALACEO,ZHIDMAD,ECU.1.7.9_1
Ecuador,AZUAY,GUALACEO,LUIS CORDERO VEGA,ECU.1.7.4_1
Ecuador,AZUAY,GUALACEO,SIMON BOLIVAR (CAB. EN GAANZOL),ECU.1.7.8_1
Ecuador,AZUAY,NABON,COCHAPATA,ECU.1.8.1_1
Ecuador,AZUAY,NABON,EL PROGRESO (CAB. EN ZHOTA),ECU.1.8.2_1
Ecuador,AZUAY,NABON,LAS NIEVES (CHAYA),ECU.1.8.3_1
Ecuador,AZUAY,PAUTE,PAUTE,ECU.1.10.6_1
Ecuador,AZUAY,PAUTE,BULAN (JOSE VICTOR IZQUIERDO),ECU.1.10.1_1
Ecuador,AZUAY,PAUTE,CHICAN (GUILLERMO ORTEGA),ECU.1.10.2_1
Ecuador,AZUAY,PAUTE,EL CABO,ECU.1.10.4_1
Ecuador,AZUAY,PAUTE,GUARAINAG,ECU.1.10.5_1
Ecuador,AZUAY,PAUTE,SAN CRISTOBAL (CARLOS ORDOEZ LAZO),ECU.1.10.7_1
Ecuador,AZUAY,PAUTE,TOMEBAMBA,ECU.1.10.8_1
Ecuador,AZUAY,PAUTE,DUG DUG,ECU.1.10.3_1
Ecuador,AZUAY,PUCARA,PUCARA,ECU.1.11.1_1
Ecuador,AZUAY,PUCARA,SAN RAFAEL DE SHARUG,ECU.1.11.2_1
Ecuador,AZUAY,SAN FERNANDO,SAN FERNANDO,ECU.1.12.2_1
Ecuador,AZUAY,SAN FERNANDO,CHUMBLIN,ECU.1.12.1_1
Ecuador,AZUAY,SANTA ISABEL,SANTA ISABEL (CHAGUARURCO),ECU.1.13.4_1
Ecuador,AZUAY,SANTA ISABEL,ABDON CALDERON (LA UNION),ECU.1.13.1_1
Ecuador,AZUAY,SANTA ISABEL,ZHAGLLI (SHAGLLI ),ECU.1.13.5_1
Ecuador,AZUAY,SIGSIG,SIGSIG,ECU.1.15.7_1
Ecuador,AZUAY,SIGSIG,CUCHIL (CUTCHIL),ECU.1.15.1_1
Ecuador,AZUAY,SIGSIG,GIMA,ECU.1.15.2_1
Ecuador,AZUAY,SIGSIG,GUEL,ECU.1.15.3_1
Ecuador,AZUAY,SIGSIG,LUDO,ECU.1.15.4_1
Ecuador,AZUAY,SIGSIG,SAN BARTOLOME,ECU.1.15.5_1
Ecuador,AZUAY,SIGSIG,SAN JOSE DE RARANGA,ECU.1.15.6_1
Ecuador,AZUAY,OÑA,SAN FELIPE DE OÑA,ECU.1.9.1_1
Ecuador,AZUAY,OÑA,SUSUDEL,ECU.1.9.2_1
Ecuador,AZUAY,CHORDELEG,CHORDELEG,ECU.1.2.1_1
Ecuador,AZUAY,CHORDELEG,PRINCIPAL,ECU.1.2.4_1
Ecuador,AZUAY,CHORDELEG,LA UNION,ECU.1.2.2_1
Ecuador,AZUAY,CHORDELEG,LUIS GALARZA ORELLANA (CAB. EN DELEGSOL),ECU.1.2.3_1
Ecuador,AZUAY,CHORDELEG,SAN MARTIN DE PUZHIO,ECU.1.2.5_1
Ecuador,AZUAY,EL PAN,EL PAN,ECU.1.4.1_1
Ecuador,AZUAY,EL PAN,SAN VICENTE,ECU.1.4.2_1
Ecuador,AZUAY,SEVILLA DE ORO,SEVILLA DE ORO,ECU.1.14.3_1
Ecuador,AZUAY,SEVILLA DE ORO,AMALUZA,ECU.1.14.1_1
Ecuador,AZUAY,SEVILLA DE ORO,PALMAS,ECU.1.14.2_1
Ecuador,AZUAY,GUACHAPALA,GUACHAPALA,ECU.1.6.1_1
Ecuador,AZUAY,CAMILO PONCE ENRIQUEZ,CAMILO PONCE ENRIQUEZ,ECU.1.1.1_1
Ecuador,AZUAY,CAMILO PONCE ENRIQUEZ,EL CARMEN DE PIJILI,ECU.1.13.2_1
Ecuador,CAÑAR,AZOGUES,AZOGUES,ECU.3.1.1_1
Ecuador,CAÑAR,AZOGUES,COJITAMBO,ECU.3.1.2_1
Ecuador,CAÑAR,AZOGUES,GUAPAN,ECU.3.1.3_1
Ecuador,CAÑAR,AZOGUES,JAVIER LOYOLA (CHUQUIPATA),ECU.3.1.4_1
Ecuador,CAÑAR,AZOGUES,LUIS CORDERO,ECU.3.1.5_1
Ecuador,CAÑAR,AZOGUES,PINDILIG,ECU.3.1.6_1
Ecuador,CAÑAR,AZOGUES,RIVERA,ECU.3.1.7_1
Ecuador,CAÑAR,AZOGUES,SAN MIGUEL,ECU.3.1.8_1
Ecuador,CAÑAR,AZOGUES,TADAY,ECU.3.1.9_1
Ecuador,CAÑAR,BIBLIAN,BIBLIAN,ECU.3.2.1_1
Ecuador,CAÑAR,BIBLIAN,NAZON (CAB. EN PAMPA DE DOMINGUEZ),ECU.3.2.3_1
Ecuador,CAÑAR,BIBLIAN,SAN FRANCISCO DE SAGEO,ECU.3.2.4_1
Ecuador,CAÑAR,BIBLIAN,TURUPAMBA,ECU.3.2.5_1
Ecuador,CAÑAR,BIBLIAN,JERUSALEN,ECU.3.2.2_1
Ecuador,CAÑAR,CAÑAR,CAÑAR,ECU.3.3.1_1
Ecuador,CAÑAR,CAÑAR,CHONTAMARCA,ECU.3.3.2_1
Ecuador,CAÑAR,CAÑAR,CHOROCOPTE,ECU.3.3.3_1
Ecuador,CAÑAR,CAÑAR,GENERAL MORALES (SOCARTE),ECU.3.3.5_1
Ecuador,CAÑAR,CAÑAR,GUALLETURO,ECU.3.3.6_1
Ecuador,CAÑAR,CAÑAR,HONORATO VASQUEZ (TAMBO VIEJO),ECU.3.3.7_1
Ecuador,CAÑAR,CAÑAR,INGAPIRCA,ECU.3.3.8_1
Ecuador,CAÑAR,CAÑAR,JUNCAL,ECU.3.3.9_1
Ecuador,CAÑAR,CAÑAR,SAN ANTONIO,ECU.3.3.10_1
Ecuador,CAÑAR,CAÑAR,ZHUD,ECU.3.3.12_1
Ecuador,CAÑAR,CAÑAR,VENTURA,ECU.3.3.11_1
Ecuador,CAÑAR,CAÑAR,DUCUR,ECU.3.3.4_1
Ecuador,CAÑAR,LA TRONCAL,LA TRONCAL,ECU.3.6.1_1
Ecuador,CAÑAR,LA TRONCAL,MANUEL J. CALLE,ECU.3.6.2_1
Ecuador,CAÑAR,LA TRONCAL,PANCHO NEGRO,ECU.3.6.3_1
Ecuador,CAÑAR,EL TAMBO,EL TAMBO,ECU.3.5.1_1
Ecuador,CAÑAR,DELEG,DELEG,ECU.3.4.1_1
Ecuador,CAÑAR,DELEG,SOLANO,ECU.3.4.2_1
Ecuador,CAÑAR,SUSCAL,SUSCAL,ECU.3.7.1_1
Ecuador,EL ORO,MACHALA,MACHALA,ECU.7.8.2_1
Ecuador,EL ORO,MACHALA,EL RETIRO,ECU.7.8.1_1
Ecuador,EL ORO,ARENILLAS,ARENILLAS,ECU.7.1.1_1
Ecuador,EL ORO,ARENILLAS,CHACRAS,ECU.7.1.3_1
Ecuador,EL ORO,ARENILLAS,PALMALES,ECU.7.1.4_1
Ecuador,EL ORO,ARENILLAS,CARCABON,ECU.7.1.2_1
Ecuador,EL ORO,ATAHUALPA,PACCHA,ECU.7.2.4_1
Ecuador,EL ORO,ATAHUALPA,AYAPAMBA,ECU.7.2.1_1
Ecuador,EL ORO,ATAHUALPA,CORDONCILLO,ECU.7.2.2_1
Ecuador,EL ORO,ATAHUALPA,MILAGRO,ECU.7.2.3_1
Ecuador,EL ORO,ATAHUALPA,SAN JOSE,ECU.7.2.5_1
Ecuador,EL ORO,ATAHUALPA,SAN JUAN DE CERRO AZUL,ECU.7.2.6_1
Ecuador,EL ORO,BALSAS,BALSAS,ECU.7.3.1_1
Ecuador,EL ORO,BALSAS,BELLAMARIA,ECU.7.3.2_1
Ecuador,EL ORO,CHILLA,CHILLA,ECU.7.4.1_1
Ecuador,EL ORO,EL GUABO,EL GUABO,ECU.7.5.2_1
Ecuador,EL ORO,EL GUABO,BARBONES (SUCRE),ECU.7.5.1_1
Ecuador,EL ORO,EL GUABO,LA IBERIA,ECU.7.5.3_1
Ecuador,EL ORO,EL GUABO,TENDALES (CAB. EN PUERTO TENDALES),ECU.7.5.5_1
Ecuador,EL ORO,EL GUABO,RIO BONITO,ECU.7.5.4_1
Ecuador,EL ORO,HUAQUILLAS,HUAQUILLAS,ECU.7.6.1_1
Ecuador,EL ORO,MARCABELI,MARCABELI,ECU.7.9.2_1
Ecuador,EL ORO,MARCABELI,EL INGENIO,ECU.7.9.1_1
Ecuador,EL ORO,PASAJE,PASAJE,ECU.7.10.5_1
Ecuador,EL ORO,PASAJE,BUENAVISTA,ECU.7.10.1_1
Ecuador,EL ORO,PASAJE,CASACAY,ECU.7.10.3_1
Ecuador,EL ORO,PASAJE,LA PEAA,ECU.7.10.4_1
Ecuador,EL ORO,PASAJE,PROGRESO,ECU.7.10.6_1
Ecuador,EL ORO,PASAJE,UZHCURRUMI,ECU.7.10.7_1
Ecuador,EL ORO,PASAJE,CAAQUEMADA,ECU.7.10.2_1
Ecuador,EL ORO,PIÑAS,PIÑAS,ECU.7.11.5_1
Ecuador,EL ORO,PIÑAS,CAPIRO (CAB. EN LA CAPILLA DE CAPIRO),ECU.7.11.1_1
Ecuador,EL ORO,PIÑAS,LA BOCANA,ECU.7.11.2_1
Ecuador,EL ORO,PIÑAS,MOROMORO (CAB. EN EL VADO),ECU.7.11.3_1
Ecuador,EL ORO,PIÑAS,PIEDRAS,ECU.7.11.4_1
Ecuador,EL ORO,PIÑAS,SAN ROQUE (AMBROSIO MALDONADO),ECU.7.11.6_1
Ecuador,EL ORO,PIÑAS,SARACAY,ECU.7.11.7_1
Ecuador,EL ORO,PORTOVELO,PORTOVELO,ECU.7.12.3_1
Ecuador,EL ORO,PORTOVELO,CURTINCAPA,ECU.7.12.1_1
Ecuador,EL ORO,PORTOVELO,MORALES,ECU.7.12.2_1
Ecuador,EL ORO,PORTOVELO,SALATI,ECU.7.12.4_1
Ecuador,EL ORO,SANTA ROSA,SANTA ROSA,ECU.7.13.6_1
Ecuador,EL ORO,SANTA ROSA,BELLAVISTA,ECU.7.13.2_1
Ecuador,EL ORO,SANTA ROSA,JAMBELI,ECU.7.13.3_1
Ecuador,EL ORO,SANTA ROSA,LA AVANZADA,ECU.7.13.4_1
Ecuador,EL ORO,SANTA ROSA,SAN ANTONIO,ECU.7.13.5_1
Ecuador,EL ORO,SANTA ROSA,TORATA,ECU.7.13.7_1
Ecuador,EL ORO,SANTA ROSA,VICTORIA,ECU.7.13.8_1
Ecuador,EL ORO,SANTA ROSA,BELLAMARIA,ECU.7.13.1_1
Ecuador,EL ORO,ZARUMA,ZARUMA,ECU.7.14.10_1
Ecuador,EL ORO,ZARUMA,ABAIN,ECU.7.14.1_1
Ecuador,EL ORO,ZARUMA,ARCAPAMBA,ECU.7.14.2_1
Ecuador,EL ORO,ZARUMA,GUANAZAN,ECU.7.14.3_1
Ecuador,EL ORO,ZARUMA,GUIZHAGUIA,ECU.7.14.4_1
Ecuador,EL ORO,ZARUMA,HUERTAS,ECU.7.14.5_1
Ecuador,EL ORO,ZARUMA,MALVAS,ECU.7.14.6_1
Ecuador,EL ORO,ZARUMA,MULUNCAY GRANDE,ECU.7.14.7_1
Ecuador,EL ORO,ZARUMA,SINSAO,ECU.7.14.9_1
Ecuador,EL ORO,ZARUMA,SALVIAS,ECU.7.14.8_1
Ecuador,EL ORO,LAS LAJAS,LA VICTORIA,ECU.7.7.3_1
Ecuador,EL ORO,LAS LAJAS,LA LIBERTAD,ECU.7.7.2_1
Ecuador,EL ORO,LAS LAJAS,EL PARAISO,ECU.7.7.1_1
Ecuador,EL ORO,LAS LAJAS,SAN ISIDRO,ECU.7.7.4_1
Ecuador,GUAYAS,GUAYAQUIL,GUAYAQUIL,ECU.10.11.1_1
Ecuador,GUAYAS,GUAYAQUIL,JUAN GOMEZ RENDON (PROGRESO),ECU.10.11.2_1
Ecuador,GUAYAS,GUAYAQUIL,MORRO,ECU.10.11.3_1
Ecuador,GUAYAS,GUAYAQUIL,POSORJA,ECU.10.11.4_1
Ecuador,GUAYAS,GUAYAQUIL,PUNA,ECU.10.11.5_1
Ecuador,GUAYAS,GUAYAQUIL,TENGUEL,ECU.10.11.6_1
Ecuador,GUAYAS,ALFREDO BAQUERIZO MORENO,ALFREDO BAQUERIZO MORENO (JUJAN),ECU.10.1.1_1
Ecuador,GUAYAS,BALAO,BALAO,ECU.10.2.1_1
Ecuador,GUAYAS,BALZAR,BALZAR,ECU.10.3.1_1
Ecuador,GUAYAS,COLIMES,COLIMES,ECU.10.4.1_1
Ecuador,GUAYAS,COLIMES,SAN JACINTO,ECU.10.4.2_1
Ecuador,GUAYAS,DAULE,DAULE,ECU.10.6.1_1
Ecuador,GUAYAS,DAULE,JUAN BAUTISTA AGUIRRE (LOS TINTOS),ECU.10.6.2_1
Ecuador,GUAYAS,DAULE,LAUREL,ECU.10.6.3_1
Ecuador,GUAYAS,DAULE,LIMONAL,ECU.10.6.4_1
Ecuador,GUAYAS,DAULE,LOS LOJAS (ENRIQUE BAQUERIZO MORENO),ECU.10.6.5_1
Ecuador,GUAYAS,DURAN,ELOY ALFARO (DURAN),ECU.10.7.1_1
Ecuador,GUAYAS,EMPALME,VELASCO IBARRA (CAB. EL EMPALME),ECU.10.8.3_1
Ecuador,GUAYAS,EMPALME,GUAYAS (PUEBLO NUEVO),ECU.10.8.2_1
Ecuador,GUAYAS,EMPALME,EL ROSARIO,ECU.10.8.1_1
Ecuador,GUAYAS,EL TRIUNFO,EL TRIUNFO,ECU.10.9.1_1
Ecuador,GUAYAS,MILAGRO,MILAGRO,ECU.10.14.3_1
Ecuador,GUAYAS,MILAGRO,CHOBO,ECU.10.14.1_1
Ecuador,GUAYAS,MILAGRO,MARISCAL SUCRE (HUAQUES),ECU.10.14.2_1
Ecuador,GUAYAS,MILAGRO,ROBERTO ASTUDILLO (CAB. EN CRUCE DE VENECIA),ECU.10.14.4_1
Ecuador,GUAYAS,NARANJAL,NARANJAL,ECU.10.15.2_1
Ecuador,GUAYAS,NARANJAL,JESUS MARIA,ECU.10.15.1_1
Ecuador,GUAYAS,NARANJAL,SAN CARLOS,ECU.10.15.3_1
Ecuador,GUAYAS,NARANJAL,SANTA ROSA DE FLANDES,ECU.10.15.4_1
Ecuador,GUAYAS,NARANJAL,TAURA,ECU.10.15.5_1
Ecuador,GUAYAS,NARANJITO,NARANJITO,ECU.10.16.1_1
Ecuador,GUAYAS,PALESTINA,PALESTINA,ECU.10.18.1_1
Ecuador,GUAYAS,PEDRO CARBO,PEDRO CARBO,ECU.10.19.1_1
Ecuador,GUAYAS,PEDRO CARBO,VALLE DE LA VIRGEN,ECU.10.19.3_1
Ecuador,GUAYAS,PEDRO CARBO,SABANILLA,ECU.10.19.2_1
Ecuador,GUAYAS,SAMBORONDON,SAMBORONDON,ECU.10.21.1_1
Ecuador,GUAYAS,SAMBORONDON,TARIFA,ECU.10.21.2_1
Ecuador,GUAYAS,SANTA LUCIA,SANTA LUCIA,ECU.10.23.1_1
Ecuador,GUAYAS,SALITRE,EL SALITRE (LAS RAMAS),ECU.10.25.1_1
Ecuador,GUAYAS,SALITRE,GRAL. VERNAZA (DOS ESTEROS),ECU.10.25.2_1
Ecuador,GUAYAS,SALITRE,LA VICTORIA (ÑAUZA),ECU.10.25.4_1
Ecuador,GUAYAS,SALITRE,JUNQUILLAL,ECU.10.25.3_1
Ecuador,GUAYAS,SAN JACINTO DE YAGUACHI,SAN JACINTO DE YAGUACHI,ECU.10.22.2_1
Ecuador,GUAYAS,SAN JACINTO DE YAGUACHI,GRAL. PEDRO J. MONTERO (BOLICHE),ECU.10.22.1_1
Ecuador,GUAYAS,SAN JACINTO DE YAGUACHI,YAGUACHI VIEJO (CONE),ECU.10.22.4_1
Ecuador,GUAYAS,SAN JACINTO DE YAGUACHI,VIRGEN DE FATIMA,ECU.10.22.3_1
Ecuador,GUAYAS,PLAYAS,GENERAL VILLAMIL (PLAYAS),ECU.10.20.1_1
Ecuador,GUAYAS,SIMON BOLIVAR,SIMON BOLIVAR,ECU.10.24.2_1
Ecuador,GUAYAS,SIMON BOLIVAR,CRNEL. LORENZO DE GARAICOA (PEDREGAL),ECU.10.24.1_1
Ecuador,GUAYAS,CRNEL. MARCELINO MARIDUEÑA,CORONEL MARCELINO MARIDUEÑA (SAN CARLOS),ECU.10.5.1_1
Ecuador,GUAYAS,LOMAS DE SARGENTILLO,LOMAS DE SARGENTILLO,ECU.10.13.1_1
Ecuador,GUAYAS,NOBOL,NARCISA DE JESUS,ECU.10.17.1_1
Ecuador,GUAYAS,GNRAL. ANTONIO ELIZALDE,GRAL. ANTONIO ELIZALDE (BUCAY),ECU.10.10.1_1
Ecuador,GUAYAS,ISIDRO AYORA,ISIDRO AYORA,ECU.10.12.1_1
Ecuador,LOJA,LOJA,LOJA,ECU.12.7.6_1
Ecuador,LOJA,LOJA,CHANTACO,ECU.12.7.1_1
Ecuador,LOJA,LOJA,CHUQUIRIBAMBA,ECU.12.7.2_1
Ecuador,LOJA,LOJA,EL CISNE,ECU.12.7.3_1
Ecuador,LOJA,LOJA,GUALEL,ECU.12.7.4_1
Ecuador,LOJA,LOJA,JIMBILLA,ECU.12.7.5_1
Ecuador,LOJA,LOJA,MALACATOS (VALLADOLID),ECU.12.7.7_1
Ecuador,LOJA,LOJA,SAN LUCAS,ECU.12.7.9_1
Ecuador,LOJA,LOJA,SAN PEDRO DE VILCABAMBA,ECU.12.7.10_1
Ecuador,LOJA,LOJA,SANTIAGO,ECU.12.7.11_1
Ecuador,LOJA,LOJA,TAQUIL (MIGUEL RIOFRIO),ECU.12.7.12_1
Ecuador,LOJA,LOJA,VILCABAMBA (VICTORIA),ECU.12.7.13_1
Ecuador,LOJA,LOJA,YANGANA (ARSENIO CASTILLO),ECU.12.7.14_1
Ecuador,LOJA,LOJA,QUINARA,ECU.12.7.8_1
Ecuador,LOJA,CALVAS,CARIAMANGA,ECU.12.1.1_1
Ecuador,LOJA,CALVAS,COLAISACA,ECU.12.1.2_1
Ecuador,LOJA,CALVAS,EL LUCERO,ECU.12.1.3_1
Ecuador,LOJA,CALVAS,UTUANA,ECU.12.1.5_1
Ecuador,LOJA,CALVAS,SANGUILLIN,ECU.12.1.4_1
Ecuador,LOJA,CATAMAYO,CATAMAYO (LA TOMA),ECU.12.2.1_1
Ecuador,LOJA,CATAMAYO,EL TAMBO,ECU.12.2.2_1
Ecuador,LOJA,CATAMAYO,GUAYQUICHUMA,ECU.12.2.3_1
Ecuador,LOJA,CATAMAYO,SAN PEDRO DE LA BENDITA,ECU.12.2.4_1
Ecuador,LOJA,CATAMAYO,ZAMBI,ECU.12.2.5_1
Ecuador,LOJA,CELICA,CELICA,ECU.12.3.1_1
Ecuador,LOJA,CELICA,CRUZPAMBA (CAB EN CARLOS BUSTAMANTE),ECU.12.3.2_1
Ecuador,LOJA,CELICA,POZUL (SAN JUAN DE POZUL),ECU.12.3.3_1
Ecuador,LOJA,CELICA,SABANILLA,ECU.12.3.4_1
Ecuador,LOJA,CELICA,TNTE. MAXIMILIANO RODRIGUEZ LOAIZA,ECU.12.3.5_1
Ecuador,LOJA,CHAGUARPAMBA,CHAGUARPAMBA,ECU.12.4.3_1
Ecuador,LOJA,CHAGUARPAMBA,BUENAVISTA,ECU.12.4.2_1
Ecuador,LOJA,CHAGUARPAMBA,EL ROSARIO,ECU.12.4.4_1
Ecuador,LOJA,CHAGUARPAMBA,SANTA RUFINA,ECU.12.4.5_1
Ecuador,LOJA,CHAGUARPAMBA,AMARILLOS,ECU.12.4.1_1
Ecuador,LOJA,ESPINDOLA,AMALUZA,ECU.12.5.2_1
Ecuador,LOJA,ESPINDOLA,BELLAVISTA,ECU.12.5.3_1
Ecuador,LOJA,ESPINDOLA,JIMBURA,ECU.12.5.6_1
Ecuador,LOJA,ESPINDOLA,SANTA TERESITA,ECU.12.5.7_1
Ecuador,LOJA,ESPINDOLA,27 DE ABRIL (CAB. EN LA NARANJA),ECU.12.5.1_1
Ecuador,LOJA,ESPINDOLA,EL INGENIO,ECU.12.5.5_1
Ecuador,LOJA,ESPINDOLA,EL AIRO,ECU.12.5.4_1
Ecuador,LOJA,GONZANAMA,GONZANAMA,ECU.12.6.2_1
Ecuador,LOJA,GONZANAMA,CHANGAIMINA (LA LIBERTAD),ECU.12.6.1_1
Ecuador,LOJA,GONZANAMA,NAMBACOLA,ECU.12.6.3_1
Ecuador,LOJA,GONZANAMA,PURUNUMA (EGUIGUREN),ECU.12.6.4_1
Ecuador,LOJA,GONZANAMA,SACAPALCA,ECU.12.6.5_1
Ecuador,LOJA,MACARA,MACARA,ECU.12.8.3_1
Ecuador,LOJA,MACARA,LARAMA,ECU.12.8.2_1
Ecuador,LOJA,MACARA,LA VICTORIA,ECU.12.8.1_1
Ecuador,LOJA,MACARA,SABIANGO (LA CAPILLA),ECU.12.8.4_1
Ecuador,LOJA,PALTAS,CATACOCHA,ECU.12.10.3_1
Ecuador,LOJA,PALTAS,CANGONAMA,ECU.12.10.1_1
Ecuador,LOJA,PALTAS,GUACHANAMA,ECU.12.10.4_1
Ecuador,LOJA,PALTAS,LAURO GUERRERO,ECU.12.10.5_1
Ecuador,LOJA,PALTAS,ORIANGA,ECU.12.10.6_1
Ecuador,LOJA,PALTAS,SAN ANTONIO,ECU.12.10.7_1
Ecuador,LOJA,PALTAS,CASANGA,ECU.12.10.2_1
Ecuador,LOJA,PALTAS,YAMANA,ECU.12.10.8_1
Ecuador,LOJA,PUYANGO,ALAMOR,ECU.12.12.1_1
Ecuador,LOJA,PUYANGO,CIANO,ECU.12.12.2_1
Ecuador,LOJA,PUYANGO,EL ARENAL,ECU.12.12.3_1
Ecuador,LOJA,PUYANGO,EL LIMO (MARIANA DE JESUS),ECU.12.12.4_1
Ecuador,LOJA,PUYANGO,MERCADILLO,ECU.12.12.5_1
Ecuador,LOJA,PUYANGO,VICENTINO,ECU.12.12.6_1
Ecuador,LOJA,SARAGURO,SARAGURO,ECU.12.14.8_1
Ecuador,LOJA,SARAGURO,EL PARAISO DE CELEN,ECU.12.14.1_1
Ecuador,LOJA,SARAGURO,EL TABLON,ECU.12.14.2_1
Ecuador,LOJA,SARAGURO,LLUZHAPA,ECU.12.14.3_1
Ecuador,LOJA,SARAGURO,MANU,ECU.12.14.4_1
Ecuador,LOJA,SARAGURO,SAN ANTONIO DE QUMBE (CUMBE),ECU.12.14.5_1
Ecuador,LOJA,SARAGURO,SAN PABLO DE TENTA,ECU.12.14.6_1
Ecuador,LOJA,SARAGURO,SAN SEBASTIAN DE YULUC,ECU.12.14.7_1
Ecuador,LOJA,SARAGURO,SELVA ALEGRE,ECU.12.14.9_1
Ecuador,LOJA,SARAGURO,URDANETA (PAQUISHAPA),ECU.12.14.11_1
Ecuador,LOJA,SARAGURO,SUMAYPAMBA,ECU.12.14.10_1
Ecuador,LOJA,SOZORANGA,SOZORANGA,ECU.12.15.2_1
Ecuador,LOJA,SOZORANGA,NUEVA FATIMA,ECU.12.15.1_1
Ecuador,LOJA,SOZORANGA,TACAMOROS,ECU.12.15.3_1
Ecuador,LOJA,ZAPOTILLO,ZAPOTILLO,ECU.12.16.7_1
Ecuador,LOJA,ZAPOTILLO,MANGAHURCO,ECU.12.16.5_1
Ecuador,LOJA,ZAPOTILLO,GARZAREAL,ECU.12.16.3_1
Ecuador,LOJA,ZAPOTILLO,LIMONES,ECU.12.16.4_1
Ecuador,LOJA,ZAPOTILLO,PALETILLAS,ECU.12.16.6_1
Ecuador,LOJA,ZAPOTILLO,BOLASPAMBA,ECU.12.16.1_1
Ecuador,LOJA,PINDAL,MILAGROS,ECU.12.11.3_1
Ecuador,LOJA,PINDAL,CHAQUINAL,ECU.12.11.2_1
Ecuador,LOJA,PINDAL,12 DE DICIEMBRE (CAB. EN ACHIOTES),ECU.12.11.1_1
Ecuador,LOJA,QUILANGA,QUILANGA,ECU.12.13.2_1
Ecuador,LOJA,QUILANGA,FUNDOCHAMBA,ECU.12.13.1_1
Ecuador,LOJA,QUILANGA,SAN ANTONIO DE LAS ARADAS (CAB. EN LAS ARADAS),ECU.12.13.3_1
Ecuador,LOJA,OLMEDO,OLMEDO,ECU.12.9.2_1
Ecuador,LOJA,OLMEDO,LA TINGUE,ECU.12.9.1_1
Ecuador,LOS RIOS,BABAHOYO,BABAHOYO,ECU.13.2.1_1
Ecuador,LOS RIOS,BABAHOYO,CARACOL,ECU.13.2.2_1
Ecuador,LOS RIOS,BABAHOYO,FEBRES CORDERO (LAS JUNTAS),ECU.13.2.3_1
Ecuador,LOS RIOS,BABAHOYO,PIMOCHA,ECU.13.2.5_1
Ecuador,LOS RIOS,BABAHOYO,LA UNION,ECU.13.2.4_1
Ecuador,LOS RIOS,BABA,BABA,ECU.13.1.1_1
Ecuador,LOS RIOS,BABA,GUARE,ECU.13.1.2_1
Ecuador,LOS RIOS,BABA,ISLA DE BEJUCAL,ECU.13.1.3_1
Ecuador,LOS RIOS,MONTALVO,MONTALVO,ECU.13.5.2_1
Ecuador,LOS RIOS,PUEBLOVIEJO,PUEBLOVIEJO,ECU.13.7.1_1
Ecuador,LOS RIOS,PUEBLOVIEJO,PUERTO PECHICHE,ECU.13.7.2_1
Ecuador,LOS RIOS,PUEBLOVIEJO,SAN JUAN,ECU.13.7.3_1
Ecuador,LOS RIOS,QUEVEDO,QUEVEDO,ECU.13.8.2_1
Ecuador,LOS RIOS,QUEVEDO,SAN CARLOS,ECU.13.8.3_1
Ecuador,LOS RIOS,QUEVEDO,LA ESPERANZA,ECU.13.8.1_1
Ecuador,LOS RIOS,URDANETA,CATARAMA,ECU.13.10.1_1
Ecuador,LOS RIOS,URDANETA,RICAURTE,ECU.13.10.2_1
Ecuador,LOS RIOS,VENTANAS,VENTANAS,ECU.13.12.3_1
Ecuador,LOS RIOS,VENTANAS,ZAPOTAL,ECU.13.12.4_1
Ecuador,LOS RIOS,VINCES,VINCES,ECU.13.13.2_1
Ecuador,LOS RIOS,VINCES,ANTONIO SOTOMAYOR (CAB. EN PLAYAS DE VINCES),ECU.13.13.1_1
Ecuador,LOS RIOS,PALENQUE,PALENQUE,ECU.13.6.1_1
Ecuador,LOS RIOS,BUENA FE,SAN JACINTO DE BUENA FE,ECU.13.3.2_1
Ecuador,LOS RIOS,BUENA FE,PATRICIA PILAR,ECU.13.3.1_1
Ecuador,LOS RIOS,VALENCIA,VALENCIA,ECU.13.11.1_1
Ecuador,LOS RIOS,MOCACHE,MOCACHE,ECU.13.4.1_1
Ecuador,LOS RIOS,QUINSALOMA,QUINSALOMA,ECU.13.9.1_1
Ecuador,MANABI,PORTOVIEJO,PORTOVIEJO,ECU.14.16.5_1
Ecuador,MANABI,PORTOVIEJO,ABDON CALDERON (SAN FRANCISCO),ECU.14.16.1_1
Ecuador,MANABI,PORTOVIEJO,ALHAJUELA (BAJO GRANDE),ECU.14.16.2_1
Ecuador,MANABI,PORTOVIEJO,CRUCITA,ECU.14.16.4_1
Ecuador,MANABI,PORTOVIEJO,PUEBLO NUEVO,ECU.14.16.6_1
Ecuador,MANABI,PORTOVIEJO,RIOCHICO (RIO CHICO),ECU.14.16.7_1
Ecuador,MANABI,PORTOVIEJO,SAN PLACIDO,ECU.14.16.8_1
Ecuador,MANABI,PORTOVIEJO,CHIRIJOS,ECU.14.16.3_1
Ecuador,MANABI,BOLIVAR,CALCETA,ECU.14.2.1_1
Ecuador,MANABI,BOLIVAR,MEMBRILLO,ECU.14.2.2_1
Ecuador,MANABI,BOLIVAR,QUIROGA,ECU.14.2.3_1
Ecuador,MANABI,CHONE,CHONE,ECU.14.3.4_1
Ecuador,MANABI,CHONE,BOYACA,ECU.14.3.1_1
Ecuador,MANABI,CHONE,CANUTO,ECU.14.3.2_1
Ecuador,MANABI,CHONE,CONVENTO,ECU.14.3.5_1
Ecuador,MANABI,CHONE,CHIBUNGA,ECU.14.3.3_1
Ecuador,MANABI,CHONE,ELOY ALFARO,ECU.14.3.6_1
Ecuador,MANABI,CHONE,RICAURTE,ECU.14.3.7_1
Ecuador,MANABI,CHONE,SAN ANTONIO,ECU.14.3.8_1
Ecuador,MANABI,EL CARMEN,EL CARMEN,ECU.14.4.1_1
Ecuador,MANABI,EL CARMEN,WILFRIDO LOOR MOREIRA (MAICITO),ECU.14.4.3_1
Ecuador,MANABI,EL CARMEN,SAN PEDRO DE SUMA,ECU.14.4.2_1
Ecuador,MANABI,FLAVIO ALFARO,FLAVIO ALFARO,ECU.14.5.1_1
Ecuador,MANABI,FLAVIO ALFARO,SAN FRANCISCO DE NOVILLO (CAB. EN NOVILLO),ECU.14.5.2_1
Ecuador,MANABI,FLAVIO ALFARO,ZAPALLO,ECU.14.5.3_1
Ecuador,MANABI,JIPIJAPA,JIPIJAPA,ECU.14.8.3_1
Ecuador,MANABI,JIPIJAPA,AMERICA,ECU.14.8.1_1
Ecuador,MANABI,JIPIJAPA,EL ANEGADO (CAB. EN ELOY ALFARO),ECU.14.8.2_1
Ecuador,MANABI,JIPIJAPA,JULCUY,ECU.14.8.4_1
Ecuador,MANABI,JIPIJAPA,LA UNION,ECU.14.8.5_1
Ecuador,MANABI,JIPIJAPA,MEMBRILLAL,ECU.14.8.6_1
Ecuador,MANABI,JIPIJAPA,PEDRO PABLO GOMEZ,ECU.14.8.7_1
Ecuador,MANABI,JIPIJAPA,PUERTO DE CAYO,ECU.14.8.8_1
Ecuador,MANABI,JUNIN,JUNIN,ECU.14.9.1_1
Ecuador,MANABI,MANTA,MANTA,ECU.14.10.1_1
Ecuador,MANABI,MANTA,SAN LORENZO,ECU.14.10.2_1
Ecuador,MANABI,MANTA,SANTA MARIANITA (BOCA DE PACOCHE),ECU.14.10.3_1
Ecuador,MANABI,MONTECRISTI,MONTECRISTI,ECU.14.11.2_1
Ecuador,MANABI,MONTECRISTI,LA PILA,ECU.14.11.1_1
Ecuador,MANABI,PAJAN,PAJAN,ECU.14.13.5_1
Ecuador,MANABI,PAJAN,CAMPOZANO (LA PALMA DE PAJAN),ECU.14.13.1_1
Ecuador,MANABI,PAJAN,CASCOL,ECU.14.13.2_1
Ecuador,MANABI,PAJAN,GUALE,ECU.14.13.3_1
Ecuador,MANABI,PAJAN,LASCANO,ECU.14.13.4_1
Ecuador,MANABI,PICHINCHA,PICHINCHA,ECU.14.15.2_1
Ecuador,MANABI,PICHINCHA,BARRAGANETE,ECU.14.15.1_1
Ecuador,MANABI,PICHINCHA,SAN SEBASTIAN,ECU.14.15.3_1
Ecuador,MANABI,ROCAFUERTE,ROCAFUERTE,ECU.14.18.1_1
Ecuador,MANABI,SANTA ANA,SANTA ANA DE VUELTA LARGA,ECU.14.20.5_1
Ecuador,MANABI,SANTA ANA,AYACUCHO,ECU.14.20.1_1
Ecuador,MANABI,SANTA ANA,HONORATO VASQUEZ (CAB EN VASQUEZ),ECU.14.20.2_1
Ecuador,MANABI,SANTA ANA,LA UNION,ECU.14.20.3_1
Ecuador,MANABI,SANTA ANA,SAN PABLO (CAB EN PUEBLO NUEVO),ECU.14.20.4_1
Ecuador,MANABI,SUCRE,BAHIA DE CARAQUEZ,ECU.14.21.1_1
Ecuador,MANABI,SUCRE,CHARAPOTO,ECU.14.21.2_1
Ecuador,MANABI,SUCRE,SAN ISIDRO,ECU.14.21.3_1
Ecuador,MANABI,TOSAGUA,TOSAGUA,ECU.14.22.3_1
Ecuador,MANABI,TOSAGUA,BACHILLERO,ECU.14.22.2_1
Ecuador,MANABI,TOSAGUA,ANGEL PEDRO GILER (LA ESTANCILLA),ECU.14.22.1_1
Ecuador,MANABI,24 DE MAYO,SUCRE,ECU.14.1.4_1
Ecuador,MANABI,24 DE MAYO,BELLAVISTA,ECU.14.1.2_1
Ecuador,MANABI,24 DE MAYO,NOBOA,ECU.14.1.3_1
Ecuador,MANABI,24 DE MAYO,ARQ. SIXTO DURAN BALLEN,ECU.14.1.1_1
Ecuador,MANABI,PEDERNALES,PEDERNALES,ECU.14.14.4_1
Ecuador,MANABI,PEDERNALES,COJIMIES,ECU.14.14.2_1
Ecuador,MANABI,PEDERNALES,10 DE AGOSTO,ECU.14.14.3_1
Ecuador,MANABI,PEDERNALES,ATAHUALPA,ECU.14.14.1_1
Ecuador,MANABI,OLMEDO,OLMEDO,ECU.14.12.1_1
Ecuador,MANABI,PUERTO LOPEZ,PUERTO LOPEZ,ECU.14.17.2_1
Ecuador,MANABI,PUERTO LOPEZ,MACHALILLA,ECU.14.17.1_1
Ecuador,MANABI,PUERTO LOPEZ,SALANGO,ECU.14.17.3_1
Ecuador,MANABI,JAMA,JAMA,ECU.14.6.1_1
Ecuador,MANABI,JARAMIJO,JARAMIJO,ECU.14.7.1_1
Ecuador,MANABI,SAN VICENTE,SAN VICENTE,ECU.14.19.2_1
Ecuador,MANABI,SAN VICENTE,CANOA,ECU.14.19.1_1
Ecuador,MORONA SANTIAGO,MORONA,MACAS,ECU.15.5.4_1
Ecuador,MORONA SANTIAGO,MORONA,ALSHI (CAB EN 9 DE OCTUBRE),ECU.15.5.1_1
Ecuador,MORONA SANTIAGO,MORONA,GENERAL PROAÑO,ECU.15.5.3_1
Ecuador,MORONA SANTIAGO,MORONA,SAN ISIDRO,ECU.15.5.6_1
Ecuador,MORONA SANTIAGO,MORONA,SEVILLA DON BOSCO,ECU.15.5.7_1
Ecuador,MORONA SANTIAGO,MORONA,SINAI,ECU.15.5.8_1
Ecuador,MORONA SANTIAGO,MORONA,ZUA (ZUAC),ECU.15.5.9_1
Ecuador,MORONA SANTIAGO,MORONA,CUCHAENTZA,ECU.15.5.2_1
Ecuador,MORONA SANTIAGO,MORONA,RIO BLANCO,ECU.15.5.5_1
Ecuador,MORONA SANTIAGO,GUALAQUIZA,GUALAQUIZA,ECU.15.1.7_1
Ecuador,MORONA SANTIAGO,GUALAQUIZA,AMAZONAS (ROSARIO DE CUYES),ECU.15.1.1_1
Ecuador,MORONA SANTIAGO,GUALAQUIZA,BERMEJOS,ECU.15.1.2_1
Ecuador,MORONA SANTIAGO,GUALAQUIZA,BOMBOIZA,ECU.15.1.3_1
Ecuador,MORONA SANTIAGO,GUALAQUIZA,CHIGUINDA,ECU.15.1.4_1
Ecuador,MORONA SANTIAGO,GUALAQUIZA,EL ROSARIO,ECU.15.1.6_1
Ecuador,MORONA SANTIAGO,GUALAQUIZA,NUEVA TARQUI,ECU.15.1.8_1
Ecuador,MORONA SANTIAGO,GUALAQUIZA,SAN MIGUEL DE CUYES,ECU.15.1.9_1
Ecuador,MORONA SANTIAGO,GUALAQUIZA,EL IDEAL,ECU.15.1.5_1
Ecuador,MORONA SANTIAGO,LIMON INDANZA,GRAL. LEONIDAS PLAZA GUTIERREZ,ECU.15.3.1_1
Ecuador,MORONA SANTIAGO,LIMON INDANZA,INDANZA,ECU.15.3.2_1
Ecuador,MORONA SANTIAGO,LIMON INDANZA,STA SUSANA DE CHIVIAZA (CAB EN CHIVIAZA),ECU.15.3.5_1
Ecuador,MORONA SANTIAGO,LIMON INDANZA,YUNGANZA (CAB EN EL ROSARIO),ECU.15.3.6_1
Ecuador,MORONA SANTIAGO,PALORA,PALORA (METZERA),ECU.15.7.4_1
Ecuador,MORONA SANTIAGO,PALORA,ARAPICOS,ECU.15.7.2_1
Ecuador,MORONA SANTIAGO,PALORA,CUMANDA (CAB EN COLONIA AGRICOLA SEVILLA DEL ORO),ECU.15.7.3_1
Ecuador,MORONA SANTIAGO,PALORA,SANGAY (CAB EN NAYAMANACA),ECU.15.7.5_1
Ecuador,MORONA SANTIAGO,PALORA,16 DE AGOSTO,ECU.15.7.1_1
Ecuador,MORONA SANTIAGO,SANTIAGO,SANTIAGO DE MENDEZ,ECU.15.9.6_1
Ecuador,MORONA SANTIAGO,SANTIAGO,COPAL,ECU.15.9.2_1
Ecuador,MORONA SANTIAGO,SANTIAGO,CHUPIANZA,ECU.15.9.1_1
Ecuador,MORONA SANTIAGO,SANTIAGO,PATUCA,ECU.15.9.3_1
Ecuador,MORONA SANTIAGO,SANTIAGO,SAN LUIS DE EL ACHO (CAB EN EL ACHO),ECU.15.9.5_1
Ecuador,MORONA SANTIAGO,SANTIAGO,TAYUZA,ECU.15.9.7_1
Ecuador,MORONA SANTIAGO,SANTIAGO,SAN FRANCISCO DE CHINIMBIMI,ECU.15.9.4_1
Ecuador,MORONA SANTIAGO,SUCUA,SUCUA,ECU.15.10.4_1
Ecuador,MORONA SANTIAGO,SUCUA,ASUNCION,ECU.15.10.1_1
Ecuador,MORONA SANTIAGO,SUCUA,HUAMBI,ECU.15.10.2_1
Ecuador,MORONA SANTIAGO,SUCUA,SANTA MARIANITA DE JESUS,ECU.15.10.3_1
Ecuador,MORONA SANTIAGO,HUAMBOYA,HUAMBOYA,ECU.15.2.2_1
Ecuador,MORONA SANTIAGO,HUAMBOYA,CHIGUAZA,ECU.15.2.1_1
Ecuador,MORONA SANTIAGO,SAN JUAN BOSCO,SAN JUAN BOSCO,ECU.15.8.4_1
Ecuador,MORONA SANTIAGO,SAN JUAN BOSCO,PAN DE AZUCAR,ECU.15.8.1_1
Ecuador,MORONA SANTIAGO,SAN JUAN BOSCO,SAN CARLOS DE LIMON,ECU.15.8.2_1
Ecuador,MORONA SANTIAGO,SAN JUAN BOSCO,SAN JACINTO DE WAKAMBEIS,ECU.15.8.3_1
Ecuador,MORONA SANTIAGO,SAN JUAN BOSCO,SANTIAGO DE PANANZA,ECU.15.8.5_1
Ecuador,MORONA SANTIAGO,TAISHA,TAISHA,ECU.15.11.4_1
Ecuador,MORONA SANTIAGO,TAISHA,HUASAGA (CAB EN WAMPUIK),ECU.15.11.1_1
Ecuador,MORONA SANTIAGO,TAISHA,MACUMA,ECU.15.11.2_1
Ecuador,MORONA SANTIAGO,TAISHA,TUUTINENTZA,ECU.15.11.5_1
Ecuador,MORONA SANTIAGO,TAISHA,PUMPUENTSA,ECU.15.11.3_1
Ecuador,MORONA SANTIAGO,LOGROÑO,LOGROÑO,ECU.15.4.1_1
Ecuador,MORONA SANTIAGO,LOGROÑO,YAUPI,ECU.15.4.3_1
Ecuador,MORONA SANTIAGO,LOGROÑO,SHIMPIS,ECU.15.4.2_1
Ecuador,MORONA SANTIAGO,PABLO SEXTO,PABLO SEXTO,ECU.15.6.1_1
Ecuador,MORONA SANTIAGO,TIWINTZA,SANTIAGO,ECU.15.12.2_1
Ecuador,ZAMORA CHINCHIPE,ZAMORA,ZAMORA,ECU.24.9.7_1
Ecuador,ZAMORA CHINCHIPE,ZAMORA,CUMBARATZA,ECU.24.9.1_1
Ecuador,ZAMORA CHINCHIPE,ZAMORA,GUADALUPE,ECU.24.9.2_1
Ecuador,ZAMORA CHINCHIPE,ZAMORA,IMBANA (LA VICTORIA DE IMBANA),ECU.24.9.3_1
Ecuador,ZAMORA CHINCHIPE,ZAMORA,SABANILLA,ECU.24.9.4_1
Ecuador,ZAMORA CHINCHIPE,ZAMORA,TIMBARA,ECU.24.9.6_1
Ecuador,ZAMORA CHINCHIPE,ZAMORA,SAN CARLOS DE LAS MINAS,ECU.24.9.5_1
Ecuador,ZAMORA CHINCHIPE,CHINCHIPE,ZUMBA,ECU.24.2.6_1
Ecuador,ZAMORA CHINCHIPE,CHINCHIPE,CHITO,ECU.24.2.1_1
Ecuador,ZAMORA CHINCHIPE,CHINCHIPE,EL CHORRO,ECU.24.2.2_1
Ecuador,ZAMORA CHINCHIPE,CHINCHIPE,LA CHONTA,ECU.24.2.3_1
Ecuador,ZAMORA CHINCHIPE,CHINCHIPE,PUCAPAMBA,ECU.24.2.4_1
Ecuador,ZAMORA CHINCHIPE,CHINCHIPE,SAN ANDRES,ECU.24.2.5_1
Ecuador,ZAMORA CHINCHIPE,NANGARITZA,GUAYZIMI,ECU.24.4.1_1
Ecuador,ZAMORA CHINCHIPE,NANGARITZA,ZURMI,ECU.24.4.3_1
Ecuador,ZAMORA CHINCHIPE,NANGARITZA,NUEVO PARAISO,ECU.24.4.2_1
Ecuador,ZAMORA CHINCHIPE,YACUAMBI,28 DE MAYO (SAN JOSE DE YACUAMBI),ECU.24.7.1_1
Ecuador,ZAMORA CHINCHIPE,YACUAMBI,LA PAZ,ECU.24.7.2_1
Ecuador,ZAMORA CHINCHIPE,YACUAMBI,TUTUPALI,ECU.24.7.3_1
Ecuador,ZAMORA CHINCHIPE,YANTZAZA,YANTZAZA (YANZATZA),ECU.24.8.3_1
Ecuador,ZAMORA CHINCHIPE,YANTZAZA,CHICAA,ECU.24.8.1_1
Ecuador,ZAMORA CHINCHIPE,YANTZAZA,LOS ENCUENTROS,ECU.24.8.2_1
Ecuador,ZAMORA CHINCHIPE,EL PANGUI,EL PANGUI,ECU.24.3.2_1
Ecuador,ZAMORA CHINCHIPE,EL PANGUI,EL GUISME,ECU.24.3.1_1
Ecuador,ZAMORA CHINCHIPE,EL PANGUI,PACHICUTZA,ECU.24.3.3_1
Ecuador,ZAMORA CHINCHIPE,EL PANGUI,TUNDAYME,ECU.24.3.4_1
Ecuador,ZAMORA CHINCHIPE,CENTINELA DEL CONDOR,ZUMBI,ECU.24.1.3_1
Ecuador,ZAMORA CHINCHIPE,PALANDA,PALANDA,ECU.24.5.3_1
Ecuador,ZAMORA CHINCHIPE,PALANDA,EL PORVENIR DEL CARMEN,ECU.24.5.1_1
Ecuador,ZAMORA CHINCHIPE,PALANDA,SAN FRANCISCO DEL VERGEL,ECU.24.5.4_1
Ecuador,ZAMORA CHINCHIPE,PALANDA,VALLADOLID,ECU.24.5.5_1
Ecuador,ZAMORA CHINCHIPE,PALANDA,LA CANELA,ECU.24.5.2_1
Ecuador,ZAMORA CHINCHIPE,PAQUISHA,PAQUISHA,ECU.24.6.3_1
Ecuador,ZAMORA CHINCHIPE,PAQUISHA,BELLAVISTA,ECU.24.6.1_1
Ecuador,ZAMORA CHINCHIPE,PAQUISHA,NUEVO QUITO,ECU.24.6.2_1
Ecuador,GALAPAGOS,SAN CRISTOBAL,EL PROGRESO,ECU.9.2.1_1
Ecuador,GALAPAGOS,SAN CRISTOBAL,ISLA SANTA MARIA (FLOREANA) (CAB. EN  PTO. VELASCO IBARRA),ECU.9.2.2_1
Ecuador,GALAPAGOS,ISABELA,TOMAS DE BERLANGA (SANTO TOMAS),ECU.9.1.2_1
Ecuador,GALAPAGOS,SANTA CRUZ,BELLAVISTA,ECU.9.3.1_1
Ecuador,GALAPAGOS,SANTA CRUZ,SANTA ROSA,ECU.9.3.3_1
Ecuador,SANTA ELENA,SANTA ELENA,SANTA ELENA,ECU.20.3.6_1
Ecuador,SANTA ELENA,SANTA ELENA,ATAHUALPA,ECU.20.3.1_1
Ecuador,SANTA ELENA,SANTA ELENA,COLONCHE,ECU.20.3.3_1
Ecuador,SANTA ELENA,SANTA ELENA,CHANDUY,ECU.20.3.2_1
Ecuador,SANTA ELENA,SANTA ELENA,MANGLARALTO,ECU.20.3.4_1
Ecuador,SANTA ELENA,SANTA ELENA,SIMON BOLIVAR (JULIO MORENO),ECU.20.3.7_1
Ecuador,SANTA ELENA,SANTA ELENA,SAN JOSE DE ANCON,ECU.20.3.5_1
Ecuador,SANTA ELENA,SALINAS,SALINAS,ECU.20.2.3_1
Ecuador,SANTA ELENA,SALINAS,ANCONCITO,ECU.20.2.1_1
Ecuador,SANTA ELENA,SALINAS,JOSE LUIS TAMAYO (MUEY),ECU.20.2.2_1
Ecuador,ZONA NO DELIMITADA,MANGA DEL CURA,MANGA DEL CURA,
Ecuador,AZUAY,NABON,NABON,ECU.1.8.4_1
Ecuador,GALAPAGOS,SAN CRISTOBAL,PUERTO BAQUERIZO MORENO,ECU.9.2.3_1
Ecuador,GALAPAGOS,SANTA CRUZ,PUERTO AYORA,ECU.9.3.2_1
Ecuador,GALAPAGOS,ISABELA,PUERTO VILLAMIL,ECU.9.1.1_1
Ecuador,SANTA ELENA,LA LIBERTAD,LA LIBERTAD,ECU.20.1.1_1
Ecuador,MORONA SANTIAGO,TIWINTZA,SAN JOSE DE MORONA,ECU.15.12.1_1
Ecuador,PICHINCHA,MEJIA,CUTUGLAHUA,ECU.19.2.3_1
Ecuador,PICHINCHA,MEJIA,UYUMBICHO,ECU.19.2.8_1
Ecuador,ESMERALDAS,LA CONCORDIA,MONTERREY,ECU.21.1.3_1
Ecuador,ESMERALDAS,LA CONCORDIA,LA VILLEGAS,ECU.21.1.2_1
Ecuador,ESMERALDAS,LA CONCORDIA,LA CONCORDIA,ECU.21.1.1_1
Ecuador,NAPO,TENA,TENA,ECU.16.5.8_1
Ecuador,ESMERALDAS,ELOY ALFARO,SANTA LUCIA DE LAS PEAS,ECU.8.2.11_1
Ecuador,LOS RIOS,VENTANAS,LOS ANGELES,ECU.13.12.2_1
Ecuador,LOS RIOS,VENTANAS,CHACARITA,ECU.13.12.1_1
Ecuador,LOJA,PINDAL,PINDAL,ECU.12.11.4_1
Ecuador,ZAMORA CHINCHIPE,CENTINELA DEL CONDOR,PANGUINTZA,ECU.24.1.1_1
Ecuador,ZAMORA CHINCHIPE,CENTINELA DEL CONDOR,TRIUNFO-DORADO,ECU.24.1.2_1
Ecuador,AZUAY,SANTA ISABEL,SAN SALVADOR DE CAARIBAMBA,ECU.1.13.3_1
Ecuador,MORONA SANTIAGO,LIMON INDANZA,SAN ANTONIO (CAB EN SAN ANTONIO CENTRO),ECU.15.3.3_1
Ecuador,MORONA SANTIAGO,LIMON INDANZA,SAN MIGUEL DE CONCHAY,ECU.15.3.4_1
Ecuador,ESMERALDAS,QUININDE,LA UNION,ECU.8.5.3_1
Ecuador,LOJA,ZAPOTILLO,CAZADEROS,ECU.12.16.2_1
Ecuador,LOS RIOS,MONTALVO,LA ESMERALDA,ECU.13.5.1_1
Ecuador,PICHINCHA,CAYAMBE,SAN JOSE DE AYORA,ECU.19.1.6_1
Ecuador,NAPO,ARCHIDONA,HATUN SUMAKU,ECU.16.1.3_1
Ecuador,SUCUMBIOS,LAGO AGRIO,10 DE AGOSTO,ECU.22.4.1_1
Ecuador,AZUAY,CUENCA,CUENCA,ECU.1.3.5_1
