Ecuador,Bolivar,Guaranda,Guaranda,ECU.2.5.2_1
Ecuador,Bolivar,Guaranda,Facundo Vela,ECU.2.5.1_1
Ecuador,Bolivar,Guaranda,Julio E. Moreno (Catanahuan Grande),ECU.2.5.3_1
Ecuador,Bolivar,Guaranda,Salinas,ECU.2.5.4_1
Ecuador,Bolivar,Guaranda,San Lorenzo,ECU.2.5.5_1
Ecuador,Bolivar,Guaranda,San Simon (Yacoto),ECU.2.5.7_1
Ecuador,Bolivar,Guaranda,Santa Fe (Santa Fe),ECU.2.5.8_1
Ecuador,Bolivar,Guaranda,Simiatug,ECU.2.5.9_1
Ecuador,Bolivar,Guaranda,San Luis De Pambil,ECU.2.5.6_1
Ecuador,Bolivar,Chillanes,Chillanes,ECU.2.2.1_1
Ecuador,Bolivar,Chillanes,San Jose Del Tambo (Tambopamba),ECU.2.2.2_1
Ecuador,Bolivar,Chimbo,San Jose De Chimbo,ECU.2.3.3_1
Ecuador,Bolivar,Chimbo,Asuncion (Asancoto),ECU.2.3.1_1
Ecuador,Bolivar,Chimbo,Magdalena (Chapacoto),ECU.2.3.2_1
Ecuador,Bolivar,Chimbo,San Sebastian,ECU.2.3.4_1
Ecuador,Bolivar,Chimbo,Telimbela,ECU.2.3.5_1
Ecuador,Bolivar,Echeandia,Echeandia,ECU.2.4.1_1
Ecuador,Bolivar,San Miguel,San Miguel,ECU.2.7.4_1
Ecuador,Bolivar,San Miguel,Balsapamba,ECU.2.7.1_1
Ecuador,Bolivar,San Miguel,Bilovan,ECU.2.7.2_1
Ecuador,Bolivar,San Miguel,Regulo De Mora,ECU.2.7.3_1
Ecuador,Bolivar,San Miguel,San Pablo (San Pablo De Atenas),ECU.2.7.5_1
Ecuador,Bolivar,San Miguel,Santiago,ECU.2.7.7_1
Ecuador,Bolivar,San Miguel,San Vicente,ECU.2.7.6_1
Ecuador,Bolivar,Caluma,Caluma,ECU.2.1.1_1
Ecuador,Bolivar,Las Naves,Las Naves,ECU.2.6.1_1
Ecuador,Carchi,Tulcan,Tulcan,ECU.4.6.9_1
Ecuador,Carchi,Tulcan,El Carmelo (El Pun),ECU.4.6.1_1
Ecuador,Carchi,Tulcan,Julio Andrade (Orejuela),ECU.4.6.3_1
Ecuador,Carchi,Tulcan,Maldonado,ECU.4.6.4_1
Ecuador,Carchi,Tulcan,Pioter,ECU.4.6.5_1
Ecuador,Carchi,Tulcan,Tobar Donoso (La Bocana De Camumbi),ECU.4.6.7_1
Ecuador,Carchi,Tulcan,Tufio,ECU.4.6.8_1
Ecuador,Carchi,Tulcan,Urbina (Taya),ECU.4.6.10_1
Ecuador,Carchi,Tulcan,El Chical,ECU.4.6.2_1
Ecuador,Carchi,Tulcan,Santa Martha De Cuba,ECU.4.6.6_1
Ecuador,Carchi,Bolivar,Bolivar,ECU.4.1.1_1
Ecuador,Carchi,Bolivar,Garcia Moreno,ECU.4.1.2_1
Ecuador,Carchi,Bolivar,Los Andes,ECU.4.1.3_1
Ecuador,Carchi,Bolivar,Monte Olivo,ECU.4.1.4_1
Ecuador,Carchi,Bolivar,San Vicente De Pusir,ECU.4.1.6_1
Ecuador,Carchi,Bolivar,San Rafael,ECU.4.1.5_1
Ecuador,Carchi,Espejo,El Angel,ECU.4.2.1_1
Ecuador,Carchi,Espejo,El Goaltal,ECU.4.2.2_1
Ecuador,Carchi,Espejo,La Libertad (Alizo),ECU.4.2.3_1
Ecuador,Carchi,Espejo,San Isidro,ECU.4.2.4_1
Ecuador,Carchi,Mira,Mira (Chontahuasi),ECU.4.3.4_1
Ecuador,Carchi,Mira,Concepcion,ECU.4.3.1_1
Ecuador,Carchi,Mira,Jijon Y Caama (Cab. En Rio Blanco),ECU.4.3.2_1
Ecuador,Carchi,Mira,Juan Montalvo (San Ignacio De Quil),ECU.4.3.3_1
Ecuador,Carchi,Montufar,San Gabriel,ECU.4.4.6_1
Ecuador,Carchi,Montufar,Cristobal Colon,ECU.4.4.2_1
Ecuador,Carchi,Montufar,Chitan De Navarrete,ECU.4.4.1_1
Ecuador,Carchi,Montufar,Fernandez Salvador,ECU.4.4.3_1
Ecuador,Carchi,Montufar,La Paz,ECU.4.4.4_1
Ecuador,Carchi,Montufar,Piartal,ECU.4.4.5_1
Ecuador,Carchi,San Pedro De Huaca,Huaca,ECU.4.5.1_1
Ecuador,Carchi,San Pedro De Huaca,Mariscal Sucre,ECU.4.5.2_1
Ecuador,Cotopaxi,Latacunga,Latacunga,ECU.6.2.6_1
Ecuador,Cotopaxi,Latacunga,Alaques (Alaquez),ECU.6.2.2_1
Ecuador,Cotopaxi,Latacunga,Belisario Quevedo (Guanailin),ECU.6.2.3_1
Ecuador,Cotopaxi,Latacunga,Guaitacama (Guaytacama),ECU.6.2.4_1
Ecuador,Cotopaxi,Latacunga,Joseguango Bajo,ECU.6.2.5_1
Ecuador,Cotopaxi,Latacunga,Mulalo,ECU.6.2.7_1
Ecuador,Cotopaxi,Latacunga,11 De Noviembre (Ilinchisi),ECU.6.2.1_1
Ecuador,Cotopaxi,Latacunga,Poalo,ECU.6.2.8_1
Ecuador,Cotopaxi,Latacunga,San Juan De Pastocalle,ECU.6.2.9_1
Ecuador,Cotopaxi,Latacunga,Tanicuchi,ECU.6.2.10_1
Ecuador,Cotopaxi,Latacunga,Toacaso,ECU.6.2.11_1
Ecuador,Cotopaxi,La Mana,La Mana,ECU.6.1.2_1
Ecuador,Cotopaxi,La Mana,Guasaganda (Cab. En Guasaganda Centro),ECU.6.1.1_1
Ecuador,Cotopaxi,La Mana,Pucayacu,ECU.6.1.3_1
Ecuador,Cotopaxi,Pangua,El Corazon,ECU.6.3.1_1
Ecuador,Cotopaxi,Pangua,Moraspungo,ECU.6.3.2_1
Ecuador,Cotopaxi,Pangua,Pinllopata,ECU.6.3.3_1
Ecuador,Cotopaxi,Pangua,Ramon Campaa,ECU.6.3.4_1
Ecuador,Cotopaxi,Pujili,Pujili,ECU.6.4.5_1
Ecuador,Cotopaxi,Pujili,Angamarca,ECU.6.4.1_1
Ecuador,Cotopaxi,Pujili,Guangaje,ECU.6.4.2_1
Ecuador,Cotopaxi,Pujili,La Victoria,ECU.6.4.3_1
Ecuador,Cotopaxi,Pujili,Pilalo,ECU.6.4.4_1
Ecuador,Cotopaxi,Pujili,Tingo,ECU.6.4.6_1
Ecuador,Cotopaxi,Pujili,Zumbahua,ECU.6.4.7_1
Ecuador,Cotopaxi,Salcedo,San Miguel,ECU.6.5.6_1
Ecuador,Cotopaxi,Salcedo,Antonio Jose Holguin (Santa Lucia),ECU.6.5.1_1
Ecuador,Cotopaxi,Salcedo,Cusubamba,ECU.6.5.2_1
Ecuador,Cotopaxi,Salcedo,Mulalillo,ECU.6.5.3_1
Ecuador,Cotopaxi,Salcedo,Mulliquindil (Santa Ana),ECU.6.5.4_1
Ecuador,Cotopaxi,Salcedo,Pansaleo,ECU.6.5.5_1
Ecuador,Cotopaxi,Saquisili,Saquisili,ECU.6.6.3_1
Ecuador,Cotopaxi,Saquisili,Canchagua,ECU.6.6.1_1
Ecuador,Cotopaxi,Saquisili,Chantilin,ECU.6.7.1_1
Ecuador,Cotopaxi,Saquisili,Cochapamba,ECU.6.6.2_1
Ecuador,Cotopaxi,Sigchos,Sigchos,ECU.6.8.5_1
Ecuador,Cotopaxi,Sigchos,Chugchillan,ECU.6.8.1_1
Ecuador,Cotopaxi,Sigchos,Isinlivi,ECU.6.8.2_1
Ecuador,Cotopaxi,Sigchos,Las Pampas,ECU.6.8.3_1
Ecuador,Cotopaxi,Sigchos,Palo Quemado,ECU.6.8.4_1
Ecuador,Chimborazo,Riobamba,Riobamba,ECU.5.10.10_1
Ecuador,Chimborazo,Riobamba,Cacha (Cab. En Machangara),ECU.5.10.1_1
Ecuador,Chimborazo,Riobamba,Calpi,ECU.5.10.2_1
Ecuador,Chimborazo,Riobamba,Cubijies,ECU.5.10.3_1
Ecuador,Chimborazo,Riobamba,Flores,ECU.5.10.4_1
Ecuador,Chimborazo,Riobamba,Licto,ECU.5.10.6_1
Ecuador,Chimborazo,Riobamba,Pungala,ECU.5.10.7_1
Ecuador,Chimborazo,Riobamba,Punin,ECU.5.10.8_1
Ecuador,Chimborazo,Riobamba,Quimiag,ECU.5.10.9_1
Ecuador,Chimborazo,Riobamba,San Juan,ECU.5.10.11_1
Ecuador,Chimborazo,Riobamba,San Luis,ECU.5.10.12_1
Ecuador,Chimborazo,Alausi,Alausi,ECU.5.1.2_1
Ecuador,Chimborazo,Alausi,Achupallas,ECU.5.1.1_1
Ecuador,Chimborazo,Alausi,Guasuntos,ECU.5.1.3_1
Ecuador,Chimborazo,Alausi,Huigra,ECU.5.1.4_1
Ecuador,Chimborazo,Alausi,Multitud,ECU.5.1.5_1
Ecuador,Chimborazo,Alausi,Pistishi (Nariz Del Diablo),ECU.5.1.6_1
Ecuador,Chimborazo,Alausi,Pumallacta,ECU.5.1.7_1
Ecuador,Chimborazo,Alausi,Sevilla,ECU.5.1.8_1
Ecuador,Chimborazo,Alausi,Sibambe,ECU.5.1.9_1
Ecuador,Chimborazo,Alausi,Tixan,ECU.5.1.10_1
Ecuador,Chimborazo,Colta,Villa La Union (Cajabamba),ECU.5.4.5_1
Ecuador,Chimborazo,Colta,Cai,ECU.5.4.1_1
Ecuador,Chimborazo,Colta,Columbe,ECU.5.4.2_1
Ecuador,Chimborazo,Colta,Juan De Velasco (Pangor),ECU.5.4.3_1
Ecuador,Chimborazo,Colta,Santiago De Quito (Cab. En San Antonio De Quito),ECU.5.4.4_1
Ecuador,Chimborazo,Chambo,Chambo,ECU.5.2.1_1
Ecuador,Chimborazo,Chunchi,Chunchi,ECU.5.3.2_1
Ecuador,Chimborazo,Chunchi,Capzol,ECU.5.3.1_1
Ecuador,Chimborazo,Chunchi,Compud,ECU.5.3.3_1
Ecuador,Chimborazo,Chunchi,Gonzol,ECU.5.3.4_1
Ecuador,Chimborazo,Chunchi,Llagos,ECU.5.3.5_1
Ecuador,Chimborazo,Guamote,Guamote,ECU.5.6.2_1
Ecuador,Chimborazo,Guamote,Cebadas,ECU.5.6.1_1
Ecuador,Chimborazo,Guamote,Palmira,ECU.5.6.3_1
Ecuador,Chimborazo,Guano,Guanando,ECU.5.7.1_1
Ecuador,Chimborazo,Guano,Ilapo,ECU.5.7.3_1
Ecuador,Chimborazo,Guano,La Providencia,ECU.5.7.4_1
Ecuador,Chimborazo,Guano,San Andres,ECU.5.7.5_1
Ecuador,Chimborazo,Guano,San Gerardo De Pacaicaguan,ECU.5.7.6_1
Ecuador,Chimborazo,Guano,San Isidro De Patulu,ECU.5.7.7_1
Ecuador,Chimborazo,Guano,San Jose Del Chazo,ECU.5.7.8_1
Ecuador,Chimborazo,Guano,Santa Fe De Galan,ECU.5.7.9_1
Ecuador,Chimborazo,Guano,Valparaiso,ECU.5.7.10_1
Ecuador,Chimborazo,Pallatanga,Pallatanga,ECU.5.8.1_1
Ecuador,Chimborazo,Penipe,Penipe,ECU.5.9.5_1
Ecuador,Chimborazo,Penipe,El Altar,ECU.5.9.2_1
Ecuador,Chimborazo,Penipe,Matus,ECU.5.9.4_1
Ecuador,Chimborazo,Penipe,Puela,ECU.5.9.6_1
Ecuador,Chimborazo,Penipe,San Antonio De Bayushig,ECU.5.9.7_1
Ecuador,Chimborazo,Penipe,La Candelaria,ECU.5.9.3_1
Ecuador,Chimborazo,Penipe,Bilbao (Cab. En Quilluyacu),ECU.5.9.1_1
Ecuador,Chimborazo,Cumanda,Cumanda,ECU.5.5.1_1
Ecuador,Esmeraldas,Esmeraldas,Esmeraldas,ECU.8.3.4_1
Ecuador,Esmeraldas,Esmeraldas,Camarones (Cab. En San Vicente),ECU.8.3.1_1
Ecuador,Esmeraldas,Esmeraldas,Crnel. Carlos Concha Torres (Cab. En Huele),ECU.8.3.3_1
Ecuador,Esmeraldas,Esmeraldas,Chinca,ECU.8.3.2_1
Ecuador,Esmeraldas,Esmeraldas,Majua,ECU.8.3.5_1
Ecuador,Esmeraldas,Esmeraldas,San Mateo,ECU.8.3.6_1
Ecuador,Esmeraldas,Esmeraldas,Tabiazo,ECU.8.3.7_1
Ecuador,Esmeraldas,Esmeraldas,Tachina,ECU.8.3.8_1
Ecuador,Esmeraldas,Esmeraldas,Vuelta Larga,ECU.8.3.9_1
Ecuador,Esmeraldas,Eloy Alfaro,Valdez (Limones),ECU.8.2.16_1
Ecuador,Esmeraldas,Eloy Alfaro,Anchayacu,ECU.8.2.1_1
Ecuador,Esmeraldas,Eloy Alfaro,Atahualpa (Cab. En Camarones),ECU.8.2.2_1
Ecuador,Esmeraldas,Eloy Alfaro,Borbon,ECU.8.2.3_1
Ecuador,Esmeraldas,Eloy Alfaro,La Tola,ECU.8.2.5_1
Ecuador,Esmeraldas,Eloy Alfaro,Luis Vargas Torres (Cab. En Playa De Oro),ECU.8.2.6_1
Ecuador,Esmeraldas,Eloy Alfaro,Maldonado,ECU.8.2.7_1
Ecuador,Esmeraldas,Eloy Alfaro,Pampanal De Bolivar,ECU.8.2.8_1
Ecuador,Esmeraldas,Eloy Alfaro,San Francisco De Onzole,ECU.8.2.9_1
Ecuador,Esmeraldas,Eloy Alfaro,Santo Domingo De Onzole,ECU.8.2.12_1
Ecuador,Esmeraldas,Eloy Alfaro,Selva Alegre,ECU.8.2.13_1
Ecuador,Esmeraldas,Eloy Alfaro,Telembi,ECU.8.2.14_1
Ecuador,Esmeraldas,Eloy Alfaro,Colon Eloy Del Maria,ECU.8.2.4_1
Ecuador,Esmeraldas,Eloy Alfaro,San Jose De Cayapas,ECU.8.2.10_1
Ecuador,Esmeraldas,Eloy Alfaro,Timbire,ECU.8.2.15_1
Ecuador,Esmeraldas,Muisne,Muisne,ECU.8.4.4_1
Ecuador,Esmeraldas,Muisne,Bolivar,ECU.8.4.1_1
Ecuador,Esmeraldas,Muisne,Daule,ECU.8.4.2_1
Ecuador,Esmeraldas,Muisne,Galera,ECU.8.4.3_1
Ecuador,Esmeraldas,Muisne,Quingue (Olmedo Perdomo Franco),ECU.8.4.5_1
Ecuador,Esmeraldas,Muisne,Salima,ECU.8.4.6_1
Ecuador,Esmeraldas,Muisne,San Francisco,ECU.8.4.7_1
Ecuador,Esmeraldas,Muisne,San Gregorio,ECU.8.4.8_1
Ecuador,Esmeraldas,Muisne,San Jose De Chamanga,ECU.8.4.9_1
Ecuador,Esmeraldas,Quininde,Rosa Zarate (Quininde),ECU.8.5.5_1
Ecuador,Esmeraldas,Quininde,Cube,ECU.8.5.2_1
Ecuador,Esmeraldas,Quininde,Chura (Chancama) (Cab. En El Yerbero),ECU.8.5.1_1
Ecuador,Esmeraldas,Quininde,Malimpia,ECU.8.5.4_1
Ecuador,Esmeraldas,Quininde,Viche,ECU.8.5.6_1
Ecuador,Esmeraldas,San Lorenzo,San Lorenzo,ECU.8.7.9_1
Ecuador,Esmeraldas,San Lorenzo,Alto Tambo (Cab En Guadual),ECU.8.7.2_1
Ecuador,Esmeraldas,San Lorenzo,Ancon (Pichangal) (Cab. En Palma Real),ECU.8.7.3_1
Ecuador,Esmeraldas,San Lorenzo,Calderon,ECU.8.7.4_1
Ecuador,Esmeraldas,San Lorenzo,Carondelet,ECU.8.7.5_1
Ecuador,Esmeraldas,San Lorenzo,5 De Junio (Cab. En Uimbi),ECU.8.7.1_1
Ecuador,Esmeraldas,San Lorenzo,Concepcion,ECU.8.7.6_1
Ecuador,Esmeraldas,San Lorenzo,Mataje (Cab. En Santander),ECU.8.7.7_1
Ecuador,Esmeraldas,San Lorenzo,San Javier De Cachavi (Cab. En San Javier),ECU.8.7.8_1
Ecuador,Esmeraldas,San Lorenzo,Santa Rita,ECU.8.7.10_1
Ecuador,Esmeraldas,San Lorenzo,Tambillo,ECU.8.7.11_1
Ecuador,Esmeraldas,San Lorenzo,Tululbi (Cab. En Ricaurte),ECU.8.7.12_1
Ecuador,Esmeraldas,San Lorenzo,Urbina,ECU.8.7.13_1
Ecuador,Esmeraldas,Atacames,Atacames,ECU.8.1.1_1
Ecuador,Esmeraldas,Atacames,La Union,ECU.8.1.2_1
Ecuador,Esmeraldas,Atacames,Tonchigue,ECU.8.1.4_1
Ecuador,Esmeraldas,Rioverde,Rioverde,ECU.8.6.5_1
Ecuador,Esmeraldas,Rioverde,Chontaduro,ECU.8.6.1_1
Ecuador,Esmeraldas,Rioverde,Chumunde,ECU.8.6.2_1
Ecuador,Esmeraldas,Rioverde,Lagarto,ECU.8.6.3_1
Ecuador,Esmeraldas,Rioverde,Montalvo (Cab En Horqueta),ECU.8.6.4_1
Ecuador,Esmeraldas,Rioverde,Rocafuerte,ECU.8.6.6_1
Ecuador,Imbabura,Ibarra,San Miguel De Ibarra,ECU.11.3.8_1
Ecuador,Imbabura,Ibarra,Ambuqui,ECU.11.3.1_1
Ecuador,Imbabura,Ibarra,Angochagua,ECU.11.3.2_1
Ecuador,Imbabura,Ibarra,Carolina,ECU.11.3.3_1
Ecuador,Imbabura,Ibarra,La Esperanza,ECU.11.3.4_1
Ecuador,Imbabura,Ibarra,Lita,ECU.11.3.5_1
Ecuador,Imbabura,Ibarra,Salinas,ECU.11.3.6_1
Ecuador,Imbabura,Ibarra,San Antonio,ECU.11.3.7_1
Ecuador,Imbabura,Antonio Ante,Atuntaqui,ECU.11.1.1_1
Ecuador,Imbabura,Antonio Ante,Imbaya (San Luis De Cobuendo),ECU.11.1.2_1
Ecuador,Imbabura,Antonio Ante,San Jose De Chaltura,ECU.11.1.4_1
Ecuador,Imbabura,Antonio Ante,San Roque,ECU.11.1.5_1
Ecuador,Imbabura,Cotacachi,Cotacachi,ECU.11.2.3_1
Ecuador,Imbabura,Cotacachi,Apuela,ECU.11.2.2_1
Ecuador,Imbabura,Cotacachi,Garcia Moreno (Llurimagua),ECU.11.2.4_1
Ecuador,Imbabura,Cotacachi,Imantag,ECU.11.2.5_1
Ecuador,Imbabura,Cotacachi,Peaherrera,ECU.11.2.6_1
Ecuador,Imbabura,Cotacachi,Plaza Gutierrez (Calvario),ECU.11.2.7_1
Ecuador,Imbabura,Cotacachi,Quiroga,ECU.11.2.8_1
Ecuador,Imbabura,Cotacachi,6 De Julio De Cuellaje (Cab. En Cuellaje),ECU.11.2.1_1
Ecuador,Imbabura,Cotacachi,Vacas Galindo (El Churo) (Cab. En San Miguel Alto),ECU.11.2.9_1
Ecuador,Imbabura,Otavalo,Otavalo,ECU.11.4.4_1
Ecuador,Imbabura,Otavalo,Doctor Miguel Egas Cabezas (Peguche),ECU.11.4.1_1
Ecuador,Imbabura,Otavalo,Eugenio Espejo (Calpaqui),ECU.11.4.2_1
Ecuador,Imbabura,Otavalo,Gonzalez Suarez,ECU.11.4.3_1
Ecuador,Imbabura,Otavalo,Pataqui,ECU.11.4.5_1
Ecuador,Imbabura,Otavalo,San Jose De Quichinche,ECU.11.4.6_1
Ecuador,Imbabura,Otavalo,San Juan De Iluman,ECU.11.4.7_1
Ecuador,Imbabura,Otavalo,San Pablo,ECU.11.4.8_1
Ecuador,Imbabura,Otavalo,San Rafael,ECU.11.4.9_1
Ecuador,Imbabura,Otavalo,Selva Alegre (Cab. En San Miguel De Pamplona),ECU.11.4.10_1
Ecuador,Imbabura,Pimampiro,Pimampiro,ECU.11.5.3_1
Ecuador,Imbabura,Pimampiro,Chuga,ECU.11.5.1_1
Ecuador,Imbabura,Pimampiro,Mariano Acosta,ECU.11.5.2_1
Ecuador,Imbabura,Pimampiro,San  Fco. De Sigsipamba,ECU.11.5.4_1
Ecuador,Imbabura,San Miguel De Urcuqui,Urcuqui,ECU.11.6.6_1
Ecuador,Imbabura,San Miguel De Urcuqui,Cahuasqui,ECU.11.6.1_1
Ecuador,Imbabura,San Miguel De Urcuqui,Pablo Arenas,ECU.11.6.3_1
Ecuador,Imbabura,San Miguel De Urcuqui,San Blas,ECU.11.6.4_1
Ecuador,Imbabura,San Miguel De Urcuqui,Tumbabiro,ECU.11.6.5_1
Ecuador,Napo,Tena,San Juan De Muyuna,ECU.16.5.6_1
Ecuador,Napo,Tena,Ahuano,ECU.16.5.1_1
Ecuador,Napo,Tena,Chontapunta,ECU.16.5.2_1
Ecuador,Napo,Tena,Pano,ECU.16.5.3_1
Ecuador,Napo,Tena,Puerto Misahualli,ECU.16.5.4_1
Ecuador,Napo,Tena,Puerto Napo,ECU.16.5.5_1
Ecuador,Napo,Tena,Talag,ECU.16.5.7_1
Ecuador,Napo,Archidona,Archidona,ECU.16.1.1_1
Ecuador,Napo,Archidona,Cotundo,ECU.16.1.2_1
Ecuador,Napo,Archidona,San Pablo De Ushpayacu,ECU.16.1.4_1
Ecuador,Napo,El Chaco,El Chaco,ECU.16.3.1_1
Ecuador,Napo,El Chaco,Gonzalo Diaz De Pineda (El Bombon),ECU.16.3.2_1
Ecuador,Napo,El Chaco,Linares,ECU.16.3.3_1
Ecuador,Napo,El Chaco,Oyacachi,ECU.16.3.4_1
Ecuador,Napo,El Chaco,Santa Rosa,ECU.16.3.5_1
Ecuador,Napo,El Chaco,Sardinas,ECU.16.3.6_1
Ecuador,Napo,Quijos,Baeza,ECU.16.4.1_1
Ecuador,Napo,Quijos,Cosanga,ECU.16.4.2_1
Ecuador,Napo,Quijos,Cuyuja,ECU.16.4.3_1
Ecuador,Napo,Quijos,Papallacta,ECU.16.4.4_1
Ecuador,Napo,Quijos,San Francisco De Borja (Virgilio Davila),ECU.16.4.5_1
Ecuador,Napo,Quijos,Sumaco,ECU.16.4.6_1
Ecuador,Napo,Carlos Julio Arosemena Tola,Carlos Julio Arosemena Tola,ECU.16.2.1_1
Ecuador,Pastaza,Pastaza,Puyo,ECU.18.4.7_1
Ecuador,Pastaza,Pastaza,Canelos,ECU.18.4.1_1
Ecuador,Pastaza,Pastaza,Diez De Agosto,ECU.18.4.2_1
Ecuador,Pastaza,Pastaza,Fatima,ECU.18.4.4_1
Ecuador,Pastaza,Pastaza,Montalvo (Andoas),ECU.18.4.5_1
Ecuador,Pastaza,Pastaza,Pomona,ECU.18.4.6_1
Ecuador,Pastaza,Pastaza,Rio Corrientes,ECU.18.4.8_1
Ecuador,Pastaza,Pastaza,Rio Tigre,ECU.18.4.9_1
Ecuador,Pastaza,Pastaza,Sarayacu,ECU.18.4.10_1
Ecuador,Pastaza,Pastaza,Simon Bolivar (Cab. En Mushullacta),ECU.18.4.11_1
Ecuador,Pastaza,Pastaza,Tarqui,ECU.18.4.12_1
Ecuador,Pastaza,Pastaza,Teniente Hugo Ortiz,ECU.18.4.13_1
Ecuador,Pastaza,Pastaza,Veracruz (Indillama) (Cab. En Indillama),ECU.18.4.14_1
Ecuador,Pastaza,Pastaza,El Triunfo,ECU.18.4.3_1
Ecuador,Pastaza,Mera,Mera,ECU.18.2.1_1
Ecuador,Pastaza,Mera,Madre Tierra,ECU.18.3.1_1
Ecuador,Pastaza,Mera,Shell,ECU.18.3.2_1
Ecuador,Pastaza,Santa Clara,Santa Clara,ECU.18.5.2_1
Ecuador,Pastaza,Santa Clara,San Jose,ECU.18.5.1_1
Ecuador,Pastaza,Arajuno,Arajuno,ECU.18.1.1_1
Ecuador,Pastaza,Arajuno,Curaray,ECU.18.1.2_1
Ecuador,Pichincha,Quito,Alangasi,ECU.19.6.1_1
Ecuador,Pichincha,Quito,Amaguaa,ECU.19.6.2_1
Ecuador,Pichincha,Quito,Atahualpa (Habaspamba),ECU.19.6.3_1
Ecuador,Pichincha,Quito,Calacali,ECU.19.6.4_1
Ecuador,Pichincha,Quito,Calderon (Carapungo),ECU.19.6.5_1
Ecuador,Pichincha,Quito,Conocoto,ECU.19.6.8_1
Ecuador,Pichincha,Quito,Cumbaya,ECU.19.6.9_1
Ecuador,Pichincha,Quito,Chavezpamba,ECU.19.6.6_1
Ecuador,Pichincha,Quito,Checa (Chilpa),ECU.19.6.7_1
Ecuador,Pichincha,Quito,El Quinche,ECU.19.6.10_1
Ecuador,Pichincha,Quito,Gualea,ECU.19.6.11_1
Ecuador,Pichincha,Quito,Guangopolo,ECU.19.6.12_1
Ecuador,Pichincha,Quito,Guayllabamba,ECU.19.6.13_1
Ecuador,Pichincha,Quito,La Merced,ECU.19.6.14_1
Ecuador,Pichincha,Quito,Llano Chico,ECU.19.6.15_1
Ecuador,Pichincha,Quito,Lloa,ECU.19.6.16_1
Ecuador,Pichincha,Quito,Nanegal,ECU.19.6.17_1
Ecuador,Pichincha,Quito,Nanegalito,ECU.19.6.18_1
Ecuador,Pichincha,Quito,Nayon,ECU.19.6.19_1
Ecuador,Pichincha,Quito,Nono,ECU.19.6.20_1
Ecuador,Pichincha,Quito,Pacto,ECU.19.6.21_1
Ecuador,Pichincha,Quito,Perucho,ECU.19.6.22_1
Ecuador,Pichincha,Quito,Pifo,ECU.19.6.23_1
Ecuador,Pichincha,Quito,Pintag,ECU.19.6.24_1
Ecuador,Pichincha,Quito,Pomasqui,ECU.19.6.25_1
Ecuador,Pichincha,Quito,Puellaro,ECU.19.6.26_1
Ecuador,Pichincha,Quito,Puembo,ECU.19.6.27_1
Ecuador,Pichincha,Quito,San Antonio,ECU.19.6.29_1
Ecuador,Pichincha,Quito,San Jose De Minas,ECU.19.6.30_1
Ecuador,Pichincha,Quito,Tababela,ECU.19.6.31_1
Ecuador,Pichincha,Quito,Tumbaco,ECU.19.6.32_1
Ecuador,Pichincha,Quito,Yaruqui,ECU.19.6.33_1
Ecuador,Pichincha,Quito,Zambiza,ECU.19.6.34_1
Ecuador,Pichincha,Cayambe,Cayambe,ECU.19.1.3_1
Ecuador,Pichincha,Cayambe,Ascazubi,ECU.19.1.1_1
Ecuador,Pichincha,Cayambe,Cangahua,ECU.19.1.2_1
Ecuador,Pichincha,Cayambe,Olmedo (Pesillo),ECU.19.1.4_1
Ecuador,Pichincha,Cayambe,Oton,ECU.19.1.5_1
Ecuador,Pichincha,Cayambe,Santa Rosa De Cuzubamba,ECU.19.1.7_1
Ecuador,Pichincha,Mejia,Machachi,ECU.19.2.5_1
Ecuador,Pichincha,Mejia,Aloag,ECU.19.2.1_1
Ecuador,Pichincha,Mejia,Aloasi,ECU.19.2.2_1
Ecuador,Pichincha,Mejia,El Chaupi,ECU.19.2.4_1
Ecuador,Pichincha,Mejia,Manuel Cornejo Astorga (Tandapi),ECU.19.2.6_1
Ecuador,Pichincha,Mejia,Tambillo,ECU.19.2.7_1
Ecuador,Pichincha,Pedro Moncayo,Tabacundo,ECU.19.3.3_1
Ecuador,Pichincha,Pedro Moncayo,La Esperanza,ECU.19.3.1_1
Ecuador,Pichincha,Pedro Moncayo,Malchingui,ECU.19.3.2_1
Ecuador,Pichincha,Pedro Moncayo,Tocachi,ECU.19.3.4_1
Ecuador,Pichincha,Pedro Moncayo,Tupigachi,ECU.19.3.5_1
Ecuador,Pichincha,Rumiñahui,Cotogchoa,ECU.19.7.1_1
Ecuador,Pichincha,Rumiñahui,Rumipamba,ECU.19.7.2_1
Ecuador,Pichincha,San Miguel De Los Bancos,San Miguel De Los Bancos,ECU.19.8.2_1
Ecuador,Pichincha,San Miguel De Los Bancos,Mindo,ECU.19.8.1_1
Ecuador,Pichincha,Pedro Vicente Maldonado,Pedro Vicente Maldonado,ECU.19.4.1_1
Ecuador,Pichincha,Puerto Quito,Puerto Quito,ECU.19.5.1_1
Ecuador,Tungurahua,Ambato,Ambatillo,ECU.23.1.1_1
Ecuador,Tungurahua,Ambato,Atahualpa (Chisalata),ECU.23.1.3_1
Ecuador,Tungurahua,Ambato,Constantino Fernandez (Cab. En Cullitahua),ECU.23.1.5_1
Ecuador,Tungurahua,Ambato,Huachi Grande,ECU.23.1.7_1
Ecuador,Tungurahua,Ambato,Izamba,ECU.23.1.8_1
Ecuador,Tungurahua,Ambato,Juan Benigno Vela,ECU.23.1.9_1
Ecuador,Tungurahua,Ambato,Montalvo,ECU.23.1.10_1
Ecuador,Tungurahua,Ambato,Pasa,ECU.23.1.11_1
Ecuador,Tungurahua,Ambato,Pilaguin (Pilahuin),ECU.23.1.13_1
Ecuador,Tungurahua,Ambato,Quisapincha (Quizapincha),ECU.23.1.14_1
Ecuador,Tungurahua,Ambato,San Bartolome De Pinllog,ECU.23.1.15_1
Ecuador,Tungurahua,Ambato,San Fernando (Pasa San Fernando),ECU.23.1.16_1
Ecuador,Tungurahua,Ambato,Santa Rosa,ECU.23.1.17_1
Ecuador,Tungurahua,Ambato,Totoras,ECU.23.1.18_1
Ecuador,Tungurahua,Ambato,Cunchibamba,ECU.23.1.6_1
Ecuador,Tungurahua,Ambato,Unamuncho,ECU.23.1.19_1
Ecuador,Tungurahua,Baos De Agua Santa,Baos De Agua Santa,ECU.23.2.1_1
Ecuador,Tungurahua,Baos De Agua Santa,Lligua,ECU.23.2.2_1
Ecuador,Tungurahua,Baos De Agua Santa,Rio Negro,ECU.23.2.3_1
Ecuador,Tungurahua,Baos De Agua Santa,Rio Verde,ECU.23.2.4_1
Ecuador,Tungurahua,Baos De Agua Santa,Ulba,ECU.23.2.5_1
Ecuador,Tungurahua,Cevallos,Cevallos,ECU.23.3.1_1
Ecuador,Tungurahua,Mocha,Mocha,ECU.23.4.1_1
Ecuador,Tungurahua,Mocha,Pinguili,ECU.23.4.2_1
Ecuador,Tungurahua,Patate,Patate,ECU.23.5.3_1
Ecuador,Tungurahua,Patate,El Triunfo,ECU.23.5.1_1
Ecuador,Tungurahua,Patate,Los Andes (Cab. En Poatug),ECU.23.5.2_1
Ecuador,Tungurahua,Patate,Sucre (Cab. En Sucre-Patate Urcu),ECU.23.5.4_1
Ecuador,Tungurahua,Quero,Quero,ECU.23.6.1_1
Ecuador,Tungurahua,Quero,Rumipamba,ECU.23.6.2_1
Ecuador,Tungurahua,Quero,Yanayacu - Mochapata (Cab. En Yanayacu),ECU.23.6.3_1
Ecuador,Tungurahua,San Pedro De Pelileo,Pelileo,ECU.23.7.8_1
Ecuador,Tungurahua,San Pedro De Pelileo,Benitez (Pachanlica),ECU.23.7.1_1
Ecuador,Tungurahua,San Pedro De Pelileo,Bolivar,ECU.23.7.2_1
Ecuador,Tungurahua,San Pedro De Pelileo,Cotalo,ECU.23.7.4_1
Ecuador,Tungurahua,San Pedro De Pelileo,Chiquicha (Cab. En Chiquicha Grande),ECU.23.7.3_1
Ecuador,Tungurahua,San Pedro De Pelileo,El Rosario (Rumichaca),ECU.23.7.5_1
Ecuador,Tungurahua,San Pedro De Pelileo,Garcia Moreno (Chumaqui),ECU.23.7.6_1
Ecuador,Tungurahua,San Pedro De Pelileo,Guambalo (Huambalo),ECU.23.7.7_1
Ecuador,Tungurahua,San Pedro De Pelileo,Salasaca,ECU.23.7.9_1
Ecuador,Tungurahua,Santiago De Pillaro,Pillaro,ECU.23.8.4_1
Ecuador,Tungurahua,Santiago De Pillaro,Baquerizo Moreno,ECU.23.8.1_1
Ecuador,Tungurahua,Santiago De Pillaro,Emilio Maria Teran (Rumipamba),ECU.23.8.2_1
Ecuador,Tungurahua,Santiago De Pillaro,Marcos Espinel (Chacata),ECU.23.8.3_1
Ecuador,Tungurahua,Santiago De Pillaro,Presidente Urbina (Chagrapamba -Patzucul),ECU.23.8.5_1
Ecuador,Tungurahua,Santiago De Pillaro,San Andres,ECU.23.8.6_1
Ecuador,Tungurahua,Santiago De Pillaro,San Jose De Poalo,ECU.23.8.7_1
Ecuador,Tungurahua,Santiago De Pillaro,San Miguelito,ECU.23.8.8_1
Ecuador,Tungurahua,Tisaleo,Tisaleo,ECU.23.9.2_1
Ecuador,Tungurahua,Tisaleo,Quinchicoto,ECU.23.9.1_1
Ecuador,Sucumbios,Lago Agrio,Nueva Loja,ECU.22.4.6_1
Ecuador,Sucumbios,Lago Agrio,Dureno,ECU.22.4.2_1
Ecuador,Sucumbios,Lago Agrio,General Farfan,ECU.22.4.4_1
Ecuador,Sucumbios,Lago Agrio,El Eno,ECU.22.4.3_1
Ecuador,Sucumbios,Lago Agrio,Pacayacu,ECU.22.4.7_1
Ecuador,Sucumbios,Lago Agrio,Jambeli,ECU.22.4.5_1
Ecuador,Sucumbios,Lago Agrio,Santa Cecilia,ECU.22.4.8_1
Ecuador,Sucumbios,Gonzalo Pizarro,Lumbaqui,ECU.22.3.3_1
Ecuador,Sucumbios,Gonzalo Pizarro,El Reventador,ECU.22.3.1_1
Ecuador,Sucumbios,Gonzalo Pizarro,Gonzalo Pizarro,ECU.22.3.2_1
Ecuador,Sucumbios,Gonzalo Pizarro,Puerto Libre,ECU.22.3.4_1
Ecuador,Sucumbios,Putumayo,Puerto El Carmen Del Putumayo,ECU.22.5.3_1
Ecuador,Sucumbios,Putumayo,Palma Roja,ECU.22.5.1_1
Ecuador,Sucumbios,Putumayo,Puerto Bolivar (Puerto Montufar),ECU.22.5.2_1
Ecuador,Sucumbios,Putumayo,Puerto Rodriguez,ECU.22.5.4_1
Ecuador,Sucumbios,Putumayo,Santa Elena,ECU.22.5.5_1
Ecuador,Sucumbios,Shushufindi,Shushufindi,ECU.22.6.5_1
Ecuador,Sucumbios,Shushufindi,Limoncocha,ECU.22.6.1_1
Ecuador,Sucumbios,Shushufindi,Paacocha,ECU.22.6.2_1
Ecuador,Sucumbios,Shushufindi,San Roque (Cab. En San Vicente),ECU.22.6.4_1
Ecuador,Sucumbios,Shushufindi,San Pedro De Los Cofanes,ECU.22.6.3_1
Ecuador,Sucumbios,Shushufindi,Siete De Julio,ECU.22.6.6_1
Ecuador,Sucumbios,Sucumbios,La Bonita,ECU.22.7.2_1
Ecuador,Sucumbios,Sucumbios,El Playon De San Francisco,ECU.22.7.1_1
Ecuador,Sucumbios,Sucumbios,La Sofia,ECU.22.7.3_1
Ecuador,Sucumbios,Sucumbios,Rosa Florida,ECU.22.7.4_1
Ecuador,Sucumbios,Sucumbios,Santa Barbara,ECU.22.7.5_1
Ecuador,Sucumbios,Cascales,El Dorado De Cascales,ECU.22.1.1_1
Ecuador,Sucumbios,Cascales,Santa Rosa De Sucumbios,ECU.22.1.2_1
Ecuador,Sucumbios,Cascales,Sevilla,ECU.22.1.3_1
Ecuador,Sucumbios,Cuyabeno,Tarapoa,ECU.22.2.3_1
Ecuador,Sucumbios,Cuyabeno,Cuyabeno,ECU.22.2.2_1
Ecuador,Sucumbios,Cuyabeno,Aguas Negras,ECU.22.2.1_1
Ecuador,Orellana,Orellana,Puerto Francisco De Orellana (El Coca),ECU.17.4.9_1
Ecuador,Orellana,Orellana,Dayuma,ECU.17.4.2_1
Ecuador,Orellana,Orellana,Taracoa (Nueva Esperanza: Yuca),ECU.17.4.12_1
Ecuador,Orellana,Orellana,Alejandro Labaka,ECU.17.4.1_1
Ecuador,Orellana,Orellana,El Dorado,ECU.17.4.3_1
Ecuador,Orellana,Orellana,El Eden,ECU.17.4.4_1
Ecuador,Orellana,Orellana,Garcia Moreno,ECU.17.4.5_1
Ecuador,Orellana,Orellana,Ines Arango (Cab. En Western),ECU.17.4.6_1
Ecuador,Orellana,Orellana,La Belleza,ECU.17.4.7_1
Ecuador,Orellana,Orellana,Nuevo Paraiso (Cab. En Union ),ECU.17.4.8_1
Ecuador,Orellana,Orellana,San Jose De Guayusa,ECU.17.4.10_1
Ecuador,Orellana,Orellana,San Luis De Armenia,ECU.17.4.11_1
Ecuador,Orellana,Aguarico,Nuevo Rocafuerte,ECU.17.1.3_1
Ecuador,Orellana,Aguarico,Capitan Augusto Rivadeneyra,ECU.17.1.1_1
Ecuador,Orellana,Aguarico,Cononaco,ECU.17.1.2_1
Ecuador,Orellana,Aguarico,Santa Maria De Huiririma,ECU.17.1.4_1
Ecuador,Orellana,Aguarico,Tiputini,ECU.17.1.5_1
Ecuador,Orellana,Aguarico,Yasuni,ECU.17.1.6_1
Ecuador,Orellana,La Joya De Los Sachas,La Joya De Los Sachas,ECU.17.2.2_1
Ecuador,Orellana,La Joya De Los Sachas,Enokanqui,ECU.17.2.1_1
Ecuador,Orellana,La Joya De Los Sachas,Pompeya,ECU.17.2.4_1
Ecuador,Orellana,La Joya De Los Sachas,San Carlos,ECU.17.2.6_1
Ecuador,Orellana,La Joya De Los Sachas,San Sebastian Del Coca,ECU.17.2.7_1
Ecuador,Orellana,La Joya De Los Sachas,Lago San Pedro,ECU.17.2.3_1
Ecuador,Orellana,La Joya De Los Sachas,Rumipamba,ECU.17.2.5_1
Ecuador,Orellana,La Joya De Los Sachas,Tres De Noviembre,ECU.17.2.8_1
Ecuador,Orellana,La Joya De Los Sachas,Union Milagrea,ECU.17.2.9_1
Ecuador,Orellana,Loreto,Loreto,ECU.17.3.2_1
Ecuador,Orellana,Loreto,Avila (Cab. En Huiruno),ECU.17.3.1_1
Ecuador,Orellana,Loreto,Puerto Murialdo,ECU.17.3.3_1
Ecuador,Orellana,Loreto,San Jose De Payamino,ECU.17.3.5_1
Ecuador,Orellana,Loreto,San Jose De Dahuano,ECU.17.3.4_1
Ecuador,Orellana,Loreto,San Vicente De Huaticocha,ECU.17.3.6_1
Ecuador,Santo Domingo De Los Tsachilas,Santo Domingo,Santo Domingo De Los Colorados,ECU.21.2.7_1
Ecuador,Santo Domingo De Los Tsachilas,Santo Domingo,Alluriquin,ECU.21.2.1_1
Ecuador,Santo Domingo De Los Tsachilas,Santo Domingo,Puerto Limon,ECU.21.2.4_1
Ecuador,Santo Domingo De Los Tsachilas,Santo Domingo,Luz De America,ECU.21.2.3_1
Ecuador,Santo Domingo De Los Tsachilas,Santo Domingo,San Jacinto Del Bua,ECU.21.2.5_1
Ecuador,Santo Domingo De Los Tsachilas,Santo Domingo,Valle Hermoso,ECU.21.2.8_1
Ecuador,Santo Domingo De Los Tsachilas,Santo Domingo,El Esfuerzo,ECU.21.2.2_1
Ecuador,Santo Domingo De Los Tsachilas,Santo Domingo,Santa Maria Del Toachi,ECU.21.2.6_1
Ecuador,Zona No Delimitada,Las Golondrinas,Las Golondrinas,
Ecuador,Zona No Delimitada,El Piedrero,El Piedrero,ECU.3.3.13_1
Ecuador,Imbabura,San Miguel De Urcuqui,La Merced De Buenos Aires,ECU.11.6.2_1
Ecuador,Pichincha,Quito,Quito,ECU.19.6.28_1
Ecuador,Esmeraldas,Atacames,Sua (Cab. En La Bocana),ECU.8.1.3_1
Ecuador,Esmeraldas,Atacames,Tonsupa,ECU.8.1.5_1
Ecuador,Esmeraldas,La Concordia,Plan Piloto,ECU.21.1.4_1
Ecuador,Imbabura,Antonio Ante,San Fco. De Natabuela,ECU.11.1.3_1
Ecuador,Pichincha,Rumi?Éahui,Sangolqui,ECU.19.7.3_1
Ecuador,Tungurahua,Ambato,Ambato,ECU.23.1.2_1
Ecuador,Tungurahua,Ambato,Augusto N. Martinez (Mundugleo),ECU.23.1.4_1
Ecuador,Tungurahua,Ambato,Picaigua,ECU.23.1.12_1
Ecuador,Chimborazo,Riobamba,Lican,ECU.5.10.5_1
Ecuador,Chimborazo,Guano,Guano,ECU.5.7.2_1
Ecuador,Azuay,Cuenca,Baos,ECU.1.3.1_1
Ecuador,Azuay,Cuenca,Cumbe,ECU.1.3.6_1
Ecuador,Azuay,Cuenca,Chaucha,ECU.1.3.2_1
Ecuador,Azuay,Cuenca,Checa (Jidcay),ECU.1.3.3_1
Ecuador,Azuay,Cuenca,Chiquintad,ECU.1.3.4_1
Ecuador,Azuay,Cuenca,Llacao,ECU.1.3.7_1
Ecuador,Azuay,Cuenca,Molleturo,ECU.1.3.8_1
Ecuador,Azuay,Cuenca,Nulti,ECU.1.3.9_1
Ecuador,Azuay,Cuenca,Octavio Cordero Palacios (Sta. Rosa),ECU.1.3.10_1
Ecuador,Azuay,Cuenca,Paccha,ECU.1.3.11_1
Ecuador,Azuay,Cuenca,Quingeo,ECU.1.3.12_1
Ecuador,Azuay,Cuenca,Ricaurte,ECU.1.3.13_1
Ecuador,Azuay,Cuenca,San Joaquin,ECU.1.3.14_1
Ecuador,Azuay,Cuenca,Santa Ana,ECU.1.3.15_1
Ecuador,Azuay,Cuenca,Sayausi,ECU.1.3.16_1
Ecuador,Azuay,Cuenca,Sidcay,ECU.1.3.17_1
Ecuador,Azuay,Cuenca,Sinincay,ECU.1.3.18_1
Ecuador,Azuay,Cuenca,Tarqui,ECU.1.3.19_1
Ecuador,Azuay,Cuenca,Turi,ECU.1.3.20_1
Ecuador,Azuay,Cuenca,Valle,ECU.1.3.21_1
Ecuador,Azuay,Cuenca,Victoria Del Portete (Irquis),ECU.1.3.22_1
Ecuador,Azuay,Giron,Giron,ECU.1.5.2_1
Ecuador,Azuay,Giron,Asuncion,ECU.1.5.1_1
Ecuador,Azuay,Giron,San Gerardo,ECU.1.5.3_1
Ecuador,Azuay,Gualaceo,Gualaceo,ECU.1.7.2_1
Ecuador,Azuay,Gualaceo,Daniel Cordova Toral (El Oriente),ECU.1.7.1_1
Ecuador,Azuay,Gualaceo,Jadan,ECU.1.7.3_1
Ecuador,Azuay,Gualaceo,Mariano Moreno,ECU.1.7.5_1
Ecuador,Azuay,Gualaceo,Remigio Crespo Toral (Gulag),ECU.1.7.6_1
Ecuador,Azuay,Gualaceo,San Juan,ECU.1.7.7_1
Ecuador,Azuay,Gualaceo,Zhidmad,ECU.1.7.9_1
Ecuador,Azuay,Gualaceo,Luis Cordero Vega,ECU.1.7.4_1
Ecuador,Azuay,Gualaceo,Simon Bolivar (Cab. En Gaanzol),ECU.1.7.8_1
Ecuador,Azuay,Nabon,Cochapata,ECU.1.8.1_1
Ecuador,Azuay,Nabon,El Progreso (Cab. En Zhota),ECU.1.8.2_1
Ecuador,Azuay,Nabon,Las Nieves (Chaya),ECU.1.8.3_1
Ecuador,Azuay,Paute,Paute,ECU.1.10.6_1
Ecuador,Azuay,Paute,Bulan (Jose Victor Izquierdo),ECU.1.10.1_1
Ecuador,Azuay,Paute,Chican (Guillermo Ortega),ECU.1.10.2_1
Ecuador,Azuay,Paute,El Cabo,ECU.1.10.4_1
Ecuador,Azuay,Paute,Guarainag,ECU.1.10.5_1
Ecuador,Azuay,Paute,San Cristobal (Carlos Ordoez Lazo),ECU.1.10.7_1
Ecuador,Azuay,Paute,Tomebamba,ECU.1.10.8_1
Ecuador,Azuay,Paute,Dug Dug,ECU.1.10.3_1
Ecuador,Azuay,Pucara,Pucara,ECU.1.11.1_1
Ecuador,Azuay,Pucara,San Rafael De Sharug,ECU.1.11.2_1
Ecuador,Azuay,San Fernando,San Fernando,ECU.1.12.2_1
Ecuador,Azuay,San Fernando,Chumblin,ECU.1.12.1_1
Ecuador,Azuay,Santa Isabel,Santa Isabel (Chaguarurco),ECU.1.13.4_1
Ecuador,Azuay,Santa Isabel,Abdon Calderon (La Union),ECU.1.13.1_1
Ecuador,Azuay,Santa Isabel,Zhaglli (Shaglli ),ECU.1.13.5_1
Ecuador,Azuay,Sigsig,Sigsig,ECU.1.15.7_1
Ecuador,Azuay,Sigsig,Cuchil (Cutchil),ECU.1.15.1_1
Ecuador,Azuay,Sigsig,Gima,ECU.1.15.2_1
Ecuador,Azuay,Sigsig,Guel,ECU.1.15.3_1
Ecuador,Azuay,Sigsig,Ludo,ECU.1.15.4_1
Ecuador,Azuay,Sigsig,San Bartolome,ECU.1.15.5_1
Ecuador,Azuay,Sigsig,San Jose De Raranga,ECU.1.15.6_1
Ecuador,Azuay,Oña,San Felipe De Oña,ECU.1.9.1_1
Ecuador,Azuay,Oña,Susudel,ECU.1.9.2_1
Ecuador,Azuay,Chordeleg,Chordeleg,ECU.1.2.1_1
Ecuador,Azuay,Chordeleg,Principal,ECU.1.2.4_1
Ecuador,Azuay,Chordeleg,La Union,ECU.1.2.2_1
Ecuador,Azuay,Chordeleg,Luis Galarza Orellana (Cab. En Delegsol),ECU.1.2.3_1
Ecuador,Azuay,Chordeleg,San Martin De Puzhio,ECU.1.2.5_1
Ecuador,Azuay,El Pan,El Pan,ECU.1.4.1_1
Ecuador,Azuay,El Pan,San Vicente,ECU.1.4.2_1
Ecuador,Azuay,Sevilla De Oro,Sevilla De Oro,ECU.1.14.3_1
Ecuador,Azuay,Sevilla De Oro,Amaluza,ECU.1.14.1_1
Ecuador,Azuay,Sevilla De Oro,Palmas,ECU.1.14.2_1
Ecuador,Azuay,Guachapala,Guachapala,ECU.1.6.1_1
Ecuador,Azuay,Camilo Ponce Enriquez,Camilo Ponce Enriquez,ECU.1.1.1_1
Ecuador,Azuay,Camilo Ponce Enriquez,El Carmen De Pijili,ECU.1.13.2_1
Ecuador,Cañar,Azogues,Azogues,ECU.3.1.1_1
Ecuador,Cañar,Azogues,Cojitambo,ECU.3.1.2_1
Ecuador,Cañar,Azogues,Guapan,ECU.3.1.3_1
Ecuador,Cañar,Azogues,Javier Loyola (Chuquipata),ECU.3.1.4_1
Ecuador,Cañar,Azogues,Luis Cordero,ECU.3.1.5_1
Ecuador,Cañar,Azogues,Pindilig,ECU.3.1.6_1
Ecuador,Cañar,Azogues,Rivera,ECU.3.1.7_1
Ecuador,Cañar,Azogues,San Miguel,ECU.3.1.8_1
Ecuador,Cañar,Azogues,Taday,ECU.3.1.9_1
Ecuador,Cañar,Biblian,Biblian,ECU.3.2.1_1
Ecuador,Cañar,Biblian,Nazon (Cab. En Pampa De Dominguez),ECU.3.2.3_1
Ecuador,Cañar,Biblian,San Francisco De Sageo,ECU.3.2.4_1
Ecuador,Cañar,Biblian,Turupamba,ECU.3.2.5_1
Ecuador,Cañar,Biblian,Jerusalen,ECU.3.2.2_1
Ecuador,Cañar,Cañar,Cañar,ECU.3.3.1_1
Ecuador,Cañar,Cañar,Chontamarca,ECU.3.3.2_1
Ecuador,Cañar,Cañar,Chorocopte,ECU.3.3.3_1
Ecuador,Cañar,Cañar,General Morales (Socarte),ECU.3.3.5_1
Ecuador,Cañar,Cañar,Gualleturo,ECU.3.3.6_1
Ecuador,Cañar,Cañar,Honorato Vasquez (Tambo Viejo),ECU.3.3.7_1
Ecuador,Cañar,Cañar,Ingapirca,ECU.3.3.8_1
Ecuador,Cañar,Cañar,Juncal,ECU.3.3.9_1
Ecuador,Cañar,Cañar,San Antonio,ECU.3.3.10_1
Ecuador,Cañar,Cañar,Zhud,ECU.3.3.12_1
Ecuador,Cañar,Cañar,Ventura,ECU.3.3.11_1
Ecuador,Cañar,Cañar,Ducur,ECU.3.3.4_1
Ecuador,Cañar,La Troncal,La Troncal,ECU.3.6.1_1
Ecuador,Cañar,La Troncal,Manuel J. Calle,ECU.3.6.2_1
Ecuador,Cañar,La Troncal,Pancho Negro,ECU.3.6.3_1
Ecuador,Cañar,El Tambo,El Tambo,ECU.3.5.1_1
Ecuador,Cañar,Deleg,Deleg,ECU.3.4.1_1
Ecuador,Cañar,Deleg,Solano,ECU.3.4.2_1
Ecuador,Cañar,Suscal,Suscal,ECU.3.7.1_1
Ecuador,El Oro,Machala,Machala,ECU.7.8.2_1
Ecuador,El Oro,Machala,El Retiro,ECU.7.8.1_1
Ecuador,El Oro,Arenillas,Arenillas,ECU.7.1.1_1
Ecuador,El Oro,Arenillas,Chacras,ECU.7.1.3_1
Ecuador,El Oro,Arenillas,Palmales,ECU.7.1.4_1
Ecuador,El Oro,Arenillas,Carcabon,ECU.7.1.2_1
Ecuador,El Oro,Atahualpa,Paccha,ECU.7.2.4_1
Ecuador,El Oro,Atahualpa,Ayapamba,ECU.7.2.1_1
Ecuador,El Oro,Atahualpa,Cordoncillo,ECU.7.2.2_1
Ecuador,El Oro,Atahualpa,Milagro,ECU.7.2.3_1
Ecuador,El Oro,Atahualpa,San Jose,ECU.7.2.5_1
Ecuador,El Oro,Atahualpa,San Juan De Cerro Azul,ECU.7.2.6_1
Ecuador,El Oro,Balsas,Balsas,ECU.7.3.1_1
Ecuador,El Oro,Balsas,Bellamaria,ECU.7.3.2_1
Ecuador,El Oro,Chilla,Chilla,ECU.7.4.1_1
Ecuador,El Oro,El Guabo,El Guabo,ECU.7.5.2_1
Ecuador,El Oro,El Guabo,Barbones (Sucre),ECU.7.5.1_1
Ecuador,El Oro,El Guabo,La Iberia,ECU.7.5.3_1
Ecuador,El Oro,El Guabo,Tendales (Cab. En Puerto Tendales),ECU.7.5.5_1
Ecuador,El Oro,El Guabo,Rio Bonito,ECU.7.5.4_1
Ecuador,El Oro,Huaquillas,Huaquillas,ECU.7.6.1_1
Ecuador,El Oro,Marcabeli,Marcabeli,ECU.7.9.2_1
Ecuador,El Oro,Marcabeli,El Ingenio,ECU.7.9.1_1
Ecuador,El Oro,Pasaje,Pasaje,ECU.7.10.5_1
Ecuador,El Oro,Pasaje,Buenavista,ECU.7.10.1_1
Ecuador,El Oro,Pasaje,Casacay,ECU.7.10.3_1
Ecuador,El Oro,Pasaje,La Peaa,ECU.7.10.4_1
Ecuador,El Oro,Pasaje,Progreso,ECU.7.10.6_1
Ecuador,El Oro,Pasaje,Uzhcurrumi,ECU.7.10.7_1
Ecuador,El Oro,Pasaje,Caaquemada,ECU.7.10.2_1
Ecuador,El Oro,Piñas,Piñas,ECU.7.11.5_1
Ecuador,El Oro,Piñas,Capiro (Cab. En La Capilla De Capiro),ECU.7.11.1_1
Ecuador,El Oro,Piñas,La Bocana,ECU.7.11.2_1
Ecuador,El Oro,Piñas,Moromoro (Cab. En El Vado),ECU.7.11.3_1
Ecuador,El Oro,Piñas,Piedras,ECU.7.11.4_1
Ecuador,El Oro,Piñas,San Roque (Ambrosio Maldonado),ECU.7.11.6_1
Ecuador,El Oro,Piñas,Saracay,ECU.7.11.7_1
Ecuador,El Oro,Portovelo,Portovelo,ECU.7.12.3_1
Ecuador,El Oro,Portovelo,Curtincapa,ECU.7.12.1_1
Ecuador,El Oro,Portovelo,Morales,ECU.7.12.2_1
Ecuador,El Oro,Portovelo,Salati,ECU.7.12.4_1
Ecuador,El Oro,Santa Rosa,Santa Rosa,ECU.7.13.6_1
Ecuador,El Oro,Santa Rosa,Bellavista,ECU.7.13.2_1
Ecuador,El Oro,Santa Rosa,Jambeli,ECU.7.13.3_1
Ecuador,El Oro,Santa Rosa,La Avanzada,ECU.7.13.4_1
Ecuador,El Oro,Santa Rosa,San Antonio,ECU.7.13.5_1
Ecuador,El Oro,Santa Rosa,Torata,ECU.7.13.7_1
Ecuador,El Oro,Santa Rosa,Victoria,ECU.7.13.8_1
Ecuador,El Oro,Santa Rosa,Bellamaria,ECU.7.13.1_1
Ecuador,El Oro,Zaruma,Zaruma,ECU.7.14.10_1
Ecuador,El Oro,Zaruma,Abain,ECU.7.14.1_1
Ecuador,El Oro,Zaruma,Arcapamba,ECU.7.14.2_1
Ecuador,El Oro,Zaruma,Guanazan,ECU.7.14.3_1
Ecuador,El Oro,Zaruma,Guizhaguia,ECU.7.14.4_1
Ecuador,El Oro,Zaruma,Huertas,ECU.7.14.5_1
Ecuador,El Oro,Zaruma,Malvas,ECU.7.14.6_1
Ecuador,El Oro,Zaruma,Muluncay Grande,ECU.7.14.7_1
Ecuador,El Oro,Zaruma,Sinsao,ECU.7.14.9_1
Ecuador,El Oro,Zaruma,Salvias,ECU.7.14.8_1
Ecuador,El Oro,Las Lajas,La Victoria,ECU.7.7.3_1
Ecuador,El Oro,Las Lajas,La Libertad,ECU.7.7.2_1
Ecuador,El Oro,Las Lajas,El Paraiso,ECU.7.7.1_1
Ecuador,El Oro,Las Lajas,San Isidro,ECU.7.7.4_1
Ecuador,Guayas,Guayaquil,Guayaquil,ECU.10.11.1_1
Ecuador,Guayas,Guayaquil,Juan Gomez Rendon (Progreso),ECU.10.11.2_1
Ecuador,Guayas,Guayaquil,Morro,ECU.10.11.3_1
Ecuador,Guayas,Guayaquil,Posorja,ECU.10.11.4_1
Ecuador,Guayas,Guayaquil,Puna,ECU.10.11.5_1
Ecuador,Guayas,Guayaquil,Tenguel,ECU.10.11.6_1
Ecuador,Guayas,Alfredo Baquerizo Moreno,Alfredo Baquerizo Moreno (Jujan),ECU.10.1.1_1
Ecuador,Guayas,Balao,Balao,ECU.10.2.1_1
Ecuador,Guayas,Balzar,Balzar,ECU.10.3.1_1
Ecuador,Guayas,Colimes,Colimes,ECU.10.4.1_1
Ecuador,Guayas,Colimes,San Jacinto,ECU.10.4.2_1
Ecuador,Guayas,Daule,Daule,ECU.10.6.1_1
Ecuador,Guayas,Daule,Juan Bautista Aguirre (Los Tintos),ECU.10.6.2_1
Ecuador,Guayas,Daule,Laurel,ECU.10.6.3_1
Ecuador,Guayas,Daule,Limonal,ECU.10.6.4_1
Ecuador,Guayas,Daule,Los Lojas (Enrique Baquerizo Moreno),ECU.10.6.5_1
Ecuador,Guayas,Duran,Eloy Alfaro (Duran),ECU.10.7.1_1
Ecuador,Guayas,Empalme,Velasco Ibarra (Cab. El Empalme),ECU.10.8.3_1
Ecuador,Guayas,Empalme,Guayas (Pueblo Nuevo),ECU.10.8.2_1
Ecuador,Guayas,Empalme,El Rosario,ECU.10.8.1_1
Ecuador,Guayas,El Triunfo,El Triunfo,ECU.10.9.1_1
Ecuador,Guayas,Milagro,Milagro,ECU.10.14.3_1
Ecuador,Guayas,Milagro,Chobo,ECU.10.14.1_1
Ecuador,Guayas,Milagro,Mariscal Sucre (Huaques),ECU.10.14.2_1
Ecuador,Guayas,Milagro,Roberto Astudillo (Cab. En Cruce De Venecia),ECU.10.14.4_1
Ecuador,Guayas,Naranjal,Naranjal,ECU.10.15.2_1
Ecuador,Guayas,Naranjal,Jesus Maria,ECU.10.15.1_1
Ecuador,Guayas,Naranjal,San Carlos,ECU.10.15.3_1
Ecuador,Guayas,Naranjal,Santa Rosa De Flandes,ECU.10.15.4_1
Ecuador,Guayas,Naranjal,Taura,ECU.10.15.5_1
Ecuador,Guayas,Naranjito,Naranjito,ECU.10.16.1_1
Ecuador,Guayas,Palestina,Palestina,ECU.10.18.1_1
Ecuador,Guayas,Pedro Carbo,Pedro Carbo,ECU.10.19.1_1
Ecuador,Guayas,Pedro Carbo,Valle De La Virgen,ECU.10.19.3_1
Ecuador,Guayas,Pedro Carbo,Sabanilla,ECU.10.19.2_1
Ecuador,Guayas,Samborondon,Samborondon,ECU.10.21.1_1
Ecuador,Guayas,Samborondon,Tarifa,ECU.10.21.2_1
Ecuador,Guayas,Santa Lucia,Santa Lucia,ECU.10.23.1_1
Ecuador,Guayas,Salitre,El Salitre (Las Ramas),ECU.10.25.1_1
Ecuador,Guayas,Salitre,Gral. Vernaza (Dos Esteros),ECU.10.25.2_1
Ecuador,Guayas,Salitre,La Victoria (Ñauza),ECU.10.25.4_1
Ecuador,Guayas,Salitre,Junquillal,ECU.10.25.3_1
Ecuador,Guayas,San Jacinto De Yaguachi,San Jacinto De Yaguachi,ECU.10.22.2_1
Ecuador,Guayas,San Jacinto De Yaguachi,Gral. Pedro J. Montero (Boliche),ECU.10.22.1_1
Ecuador,Guayas,San Jacinto De Yaguachi,Yaguachi Viejo (Cone),ECU.10.22.4_1
Ecuador,Guayas,San Jacinto De Yaguachi,Virgen De Fatima,ECU.10.22.3_1
Ecuador,Guayas,Playas,General Villamil (Playas),ECU.10.20.1_1
Ecuador,Guayas,Simon Bolivar,Simon Bolivar,ECU.10.24.2_1
Ecuador,Guayas,Simon Bolivar,Crnel. Lorenzo De Garaicoa (Pedregal),ECU.10.24.1_1
Ecuador,Guayas,Crnel. Marcelino Maridueña,Coronel Marcelino Maridueña (San Carlos),ECU.10.5.1_1
Ecuador,Guayas,Lomas De Sargentillo,Lomas De Sargentillo,ECU.10.13.1_1
Ecuador,Guayas,Nobol,Narcisa De Jesus,ECU.10.17.1_1
Ecuador,Guayas,Gnral. Antonio Elizalde,Gral. Antonio Elizalde (Bucay),ECU.10.10.1_1
Ecuador,Guayas,Isidro Ayora,Isidro Ayora,ECU.10.12.1_1
Ecuador,Loja,Loja,Loja,ECU.12.7.6_1
Ecuador,Loja,Loja,Chantaco,ECU.12.7.1_1
Ecuador,Loja,Loja,Chuquiribamba,ECU.12.7.2_1
Ecuador,Loja,Loja,El Cisne,ECU.12.7.3_1
Ecuador,Loja,Loja,Gualel,ECU.12.7.4_1
Ecuador,Loja,Loja,Jimbilla,ECU.12.7.5_1
Ecuador,Loja,Loja,Malacatos (Valladolid),ECU.12.7.7_1
Ecuador,Loja,Loja,San Lucas,ECU.12.7.9_1
Ecuador,Loja,Loja,San Pedro De Vilcabamba,ECU.12.7.10_1
Ecuador,Loja,Loja,Santiago,ECU.12.7.11_1
Ecuador,Loja,Loja,Taquil (Miguel Riofrio),ECU.12.7.12_1
Ecuador,Loja,Loja,Vilcabamba (Victoria),ECU.12.7.13_1
Ecuador,Loja,Loja,Yangana (Arsenio Castillo),ECU.12.7.14_1
Ecuador,Loja,Loja,Quinara,ECU.12.7.8_1
Ecuador,Loja,Calvas,Cariamanga,ECU.12.1.1_1
Ecuador,Loja,Calvas,Colaisaca,ECU.12.1.2_1
Ecuador,Loja,Calvas,El Lucero,ECU.12.1.3_1
Ecuador,Loja,Calvas,Utuana,ECU.12.1.5_1
Ecuador,Loja,Calvas,Sanguillin,ECU.12.1.4_1
Ecuador,Loja,Catamayo,Catamayo (La Toma),ECU.12.2.1_1
Ecuador,Loja,Catamayo,El Tambo,ECU.12.2.2_1
Ecuador,Loja,Catamayo,Guayquichuma,ECU.12.2.3_1
Ecuador,Loja,Catamayo,San Pedro De La Bendita,ECU.12.2.4_1
Ecuador,Loja,Catamayo,Zambi,ECU.12.2.5_1
Ecuador,Loja,Celica,Celica,ECU.12.3.1_1
Ecuador,Loja,Celica,Cruzpamba (Cab En Carlos Bustamante),ECU.12.3.2_1
Ecuador,Loja,Celica,Pozul (San Juan De Pozul),ECU.12.3.3_1
Ecuador,Loja,Celica,Sabanilla,ECU.12.3.4_1
Ecuador,Loja,Celica,Tnte. Maximiliano Rodriguez Loaiza,ECU.12.3.5_1
Ecuador,Loja,Chaguarpamba,Chaguarpamba,ECU.12.4.3_1
Ecuador,Loja,Chaguarpamba,Buenavista,ECU.12.4.2_1
Ecuador,Loja,Chaguarpamba,El Rosario,ECU.12.4.4_1
Ecuador,Loja,Chaguarpamba,Santa Rufina,ECU.12.4.5_1
Ecuador,Loja,Chaguarpamba,Amarillos,ECU.12.4.1_1
Ecuador,Loja,Espindola,Amaluza,ECU.12.5.2_1
Ecuador,Loja,Espindola,Bellavista,ECU.12.5.3_1
Ecuador,Loja,Espindola,Jimbura,ECU.12.5.6_1
Ecuador,Loja,Espindola,Santa Teresita,ECU.12.5.7_1
Ecuador,Loja,Espindola,27 De Abril (Cab. En La Naranja),ECU.12.5.1_1
Ecuador,Loja,Espindola,El Ingenio,ECU.12.5.5_1
Ecuador,Loja,Espindola,El Airo,ECU.12.5.4_1
Ecuador,Loja,Gonzanama,Gonzanama,ECU.12.6.2_1
Ecuador,Loja,Gonzanama,Changaimina (La Libertad),ECU.12.6.1_1
Ecuador,Loja,Gonzanama,Nambacola,ECU.12.6.3_1
Ecuador,Loja,Gonzanama,Purunuma (Eguiguren),ECU.12.6.4_1
Ecuador,Loja,Gonzanama,Sacapalca,ECU.12.6.5_1
Ecuador,Loja,Macara,Macara,ECU.12.8.3_1
Ecuador,Loja,Macara,Larama,ECU.12.8.2_1
Ecuador,Loja,Macara,La Victoria,ECU.12.8.1_1
Ecuador,Loja,Macara,Sabiango (La Capilla),ECU.12.8.4_1
Ecuador,Loja,Paltas,Catacocha,ECU.12.10.3_1
Ecuador,Loja,Paltas,Cangonama,ECU.12.10.1_1
Ecuador,Loja,Paltas,Guachanama,ECU.12.10.4_1
Ecuador,Loja,Paltas,Lauro Guerrero,ECU.12.10.5_1
Ecuador,Loja,Paltas,Orianga,ECU.12.10.6_1
Ecuador,Loja,Paltas,San Antonio,ECU.12.10.7_1
Ecuador,Loja,Paltas,Casanga,ECU.12.10.2_1
Ecuador,Loja,Paltas,Yamana,ECU.12.10.8_1
Ecuador,Loja,Puyango,Alamor,ECU.12.12.1_1
Ecuador,Loja,Puyango,Ciano,ECU.12.12.2_1
Ecuador,Loja,Puyango,El Arenal,ECU.12.12.3_1
Ecuador,Loja,Puyango,El Limo (Mariana De Jesus),ECU.12.12.4_1
Ecuador,Loja,Puyango,Mercadillo,ECU.12.12.5_1
Ecuador,Loja,Puyango,Vicentino,ECU.12.12.6_1
Ecuador,Loja,Saraguro,Saraguro,ECU.12.14.8_1
Ecuador,Loja,Saraguro,El Paraiso De Celen,ECU.12.14.1_1
Ecuador,Loja,Saraguro,El Tablon,ECU.12.14.2_1
Ecuador,Loja,Saraguro,Lluzhapa,ECU.12.14.3_1
Ecuador,Loja,Saraguro,Manu,ECU.12.14.4_1
Ecuador,Loja,Saraguro,San Antonio De Qumbe (Cumbe),ECU.12.14.5_1
Ecuador,Loja,Saraguro,San Pablo De Tenta,ECU.12.14.6_1
Ecuador,Loja,Saraguro,San Sebastian De Yuluc,ECU.12.14.7_1
Ecuador,Loja,Saraguro,Selva Alegre,ECU.12.14.9_1
Ecuador,Loja,Saraguro,Urdaneta (Paquishapa),ECU.12.14.11_1
Ecuador,Loja,Saraguro,Sumaypamba,ECU.12.14.10_1
Ecuador,Loja,Sozoranga,Sozoranga,ECU.12.15.2_1
Ecuador,Loja,Sozoranga,Nueva Fatima,ECU.12.15.1_1
Ecuador,Loja,Sozoranga,Tacamoros,ECU.12.15.3_1
Ecuador,Loja,Zapotillo,Zapotillo,ECU.12.16.7_1
Ecuador,Loja,Zapotillo,Mangahurco,ECU.12.16.5_1
Ecuador,Loja,Zapotillo,Garzareal,ECU.12.16.3_1
Ecuador,Loja,Zapotillo,Limones,ECU.12.16.4_1
Ecuador,Loja,Zapotillo,Paletillas,ECU.12.16.6_1
Ecuador,Loja,Zapotillo,Bolaspamba,ECU.12.16.1_1
Ecuador,Loja,Pindal,Milagros,ECU.12.11.3_1
Ecuador,Loja,Pindal,Chaquinal,ECU.12.11.2_1
Ecuador,Loja,Pindal,12 De Diciembre (Cab. En Achiotes),ECU.12.11.1_1
Ecuador,Loja,Quilanga,Quilanga,ECU.12.13.2_1
Ecuador,Loja,Quilanga,Fundochamba,ECU.12.13.1_1
Ecuador,Loja,Quilanga,San Antonio De Las Aradas (Cab. En Las Aradas),ECU.12.13.3_1
Ecuador,Loja,Olmedo,Olmedo,ECU.12.9.2_1
Ecuador,Loja,Olmedo,La Tingue,ECU.12.9.1_1
Ecuador,Los Rios,Babahoyo,Babahoyo,ECU.13.2.1_1
Ecuador,Los Rios,Babahoyo,Caracol,ECU.13.2.2_1
Ecuador,Los Rios,Babahoyo,Febres Cordero (Las Juntas),ECU.13.2.3_1
Ecuador,Los Rios,Babahoyo,Pimocha,ECU.13.2.5_1
Ecuador,Los Rios,Babahoyo,La Union,ECU.13.2.4_1
Ecuador,Los Rios,Baba,Baba,ECU.13.1.1_1
Ecuador,Los Rios,Baba,Guare,ECU.13.1.2_1
Ecuador,Los Rios,Baba,Isla De Bejucal,ECU.13.1.3_1
Ecuador,Los Rios,Montalvo,Montalvo,ECU.13.5.2_1
Ecuador,Los Rios,Puebloviejo,Puebloviejo,ECU.13.7.1_1
Ecuador,Los Rios,Puebloviejo,Puerto Pechiche,ECU.13.7.2_1
Ecuador,Los Rios,Puebloviejo,San Juan,ECU.13.7.3_1
Ecuador,Los Rios,Quevedo,Quevedo,ECU.13.8.2_1
Ecuador,Los Rios,Quevedo,San Carlos,ECU.13.8.3_1
Ecuador,Los Rios,Quevedo,La Esperanza,ECU.13.8.1_1
Ecuador,Los Rios,Urdaneta,Catarama,ECU.13.10.1_1
Ecuador,Los Rios,Urdaneta,Ricaurte,ECU.13.10.2_1
Ecuador,Los Rios,Ventanas,Ventanas,ECU.13.12.3_1
Ecuador,Los Rios,Ventanas,Zapotal,ECU.13.12.4_1
Ecuador,Los Rios,Vinces,Vinces,ECU.13.13.2_1
Ecuador,Los Rios,Vinces,Antonio Sotomayor (Cab. En Playas De Vinces),ECU.13.13.1_1
Ecuador,Los Rios,Palenque,Palenque,ECU.13.6.1_1
Ecuador,Los Rios,Buena Fe,San Jacinto De Buena Fe,ECU.13.3.2_1
Ecuador,Los Rios,Buena Fe,Patricia Pilar,ECU.13.3.1_1
Ecuador,Los Rios,Valencia,Valencia,ECU.13.11.1_1
Ecuador,Los Rios,Mocache,Mocache,ECU.13.4.1_1
Ecuador,Los Rios,Quinsaloma,Quinsaloma,ECU.13.9.1_1
Ecuador,Manabi,Portoviejo,Portoviejo,ECU.14.16.5_1
Ecuador,Manabi,Portoviejo,Abdon Calderon (San Francisco),ECU.14.16.1_1
Ecuador,Manabi,Portoviejo,Alhajuela (Bajo Grande),ECU.14.16.2_1
Ecuador,Manabi,Portoviejo,Crucita,ECU.14.16.4_1
Ecuador,Manabi,Portoviejo,Pueblo Nuevo,ECU.14.16.6_1
Ecuador,Manabi,Portoviejo,Riochico (Rio Chico),ECU.14.16.7_1
Ecuador,Manabi,Portoviejo,San Placido,ECU.14.16.8_1
Ecuador,Manabi,Portoviejo,Chirijos,ECU.14.16.3_1
Ecuador,Manabi,Bolivar,Calceta,ECU.14.2.1_1
Ecuador,Manabi,Bolivar,Membrillo,ECU.14.2.2_1
Ecuador,Manabi,Bolivar,Quiroga,ECU.14.2.3_1
Ecuador,Manabi,Chone,Chone,ECU.14.3.4_1
Ecuador,Manabi,Chone,Boyaca,ECU.14.3.1_1
Ecuador,Manabi,Chone,Canuto,ECU.14.3.2_1
Ecuador,Manabi,Chone,Convento,ECU.14.3.5_1
Ecuador,Manabi,Chone,Chibunga,ECU.14.3.3_1
Ecuador,Manabi,Chone,Eloy Alfaro,ECU.14.3.6_1
Ecuador,Manabi,Chone,Ricaurte,ECU.14.3.7_1
Ecuador,Manabi,Chone,San Antonio,ECU.14.3.8_1
Ecuador,Manabi,El Carmen,El Carmen,ECU.14.4.1_1
Ecuador,Manabi,El Carmen,Wilfrido Loor Moreira (Maicito),ECU.14.4.3_1
Ecuador,Manabi,El Carmen,San Pedro De Suma,ECU.14.4.2_1
Ecuador,Manabi,Flavio Alfaro,Flavio Alfaro,ECU.14.5.1_1
Ecuador,Manabi,Flavio Alfaro,San Francisco De Novillo (Cab. En Novillo),ECU.14.5.2_1
Ecuador,Manabi,Flavio Alfaro,Zapallo,ECU.14.5.3_1
Ecuador,Manabi,Jipijapa,Jipijapa,ECU.14.8.3_1
Ecuador,Manabi,Jipijapa,America,ECU.14.8.1_1
Ecuador,Manabi,Jipijapa,El Anegado (Cab. En Eloy Alfaro),ECU.14.8.2_1
Ecuador,Manabi,Jipijapa,Julcuy,ECU.14.8.4_1
Ecuador,Manabi,Jipijapa,La Union,ECU.14.8.5_1
Ecuador,Manabi,Jipijapa,Membrillal,ECU.14.8.6_1
Ecuador,Manabi,Jipijapa,Pedro Pablo Gomez,ECU.14.8.7_1
Ecuador,Manabi,Jipijapa,Puerto De Cayo,ECU.14.8.8_1
Ecuador,Manabi,Junin,Junin,ECU.14.9.1_1
Ecuador,Manabi,Manta,Manta,ECU.14.10.1_1
Ecuador,Manabi,Manta,San Lorenzo,ECU.14.10.2_1
Ecuador,Manabi,Manta,Santa Marianita (Boca De Pacoche),ECU.14.10.3_1
Ecuador,Manabi,Montecristi,Montecristi,ECU.14.11.2_1
Ecuador,Manabi,Montecristi,La Pila,ECU.14.11.1_1
Ecuador,Manabi,Pajan,Pajan,ECU.14.13.5_1
Ecuador,Manabi,Pajan,Campozano (La Palma De Pajan),ECU.14.13.1_1
Ecuador,Manabi,Pajan,Cascol,ECU.14.13.2_1
Ecuador,Manabi,Pajan,Guale,ECU.14.13.3_1
Ecuador,Manabi,Pajan,Lascano,ECU.14.13.4_1
Ecuador,Manabi,Pichincha,Pichincha,ECU.14.15.2_1
Ecuador,Manabi,Pichincha,Barraganete,ECU.14.15.1_1
Ecuador,Manabi,Pichincha,San Sebastian,ECU.14.15.3_1
Ecuador,Manabi,Rocafuerte,Rocafuerte,ECU.14.18.1_1
Ecuador,Manabi,Santa Ana,Santa Ana De Vuelta Larga,ECU.14.20.5_1
Ecuador,Manabi,Santa Ana,Ayacucho,ECU.14.20.1_1
Ecuador,Manabi,Santa Ana,Honorato Vasquez (Cab En Vasquez),ECU.14.20.2_1
Ecuador,Manabi,Santa Ana,La Union,ECU.14.20.3_1
Ecuador,Manabi,Santa Ana,San Pablo (Cab En Pueblo Nuevo),ECU.14.20.4_1
Ecuador,Manabi,Sucre,Bahia De Caraquez,ECU.14.21.1_1
Ecuador,Manabi,Sucre,Charapoto,ECU.14.21.2_1
Ecuador,Manabi,Sucre,San Isidro,ECU.14.21.3_1
Ecuador,Manabi,Tosagua,Tosagua,ECU.14.22.3_1
Ecuador,Manabi,Tosagua,Bachillero,ECU.14.22.2_1
Ecuador,Manabi,Tosagua,Angel Pedro Giler (La Estancilla),ECU.14.22.1_1
Ecuador,Manabi,24 De Mayo,Sucre,ECU.14.1.4_1
Ecuador,Manabi,24 De Mayo,Bellavista,ECU.14.1.2_1
Ecuador,Manabi,24 De Mayo,Noboa,ECU.14.1.3_1
Ecuador,Manabi,24 De Mayo,Arq. Sixto Duran Ballen,ECU.14.1.1_1
Ecuador,Manabi,Pedernales,Pedernales,ECU.14.14.4_1
Ecuador,Manabi,Pedernales,Cojimies,ECU.14.14.2_1
Ecuador,Manabi,Pedernales,10 De Agosto,ECU.14.14.3_1
Ecuador,Manabi,Pedernales,Atahualpa,ECU.14.14.1_1
Ecuador,Manabi,Olmedo,Olmedo,ECU.14.12.1_1
Ecuador,Manabi,Puerto Lopez,Puerto Lopez,ECU.14.17.2_1
Ecuador,Manabi,Puerto Lopez,Machalilla,ECU.14.17.1_1
Ecuador,Manabi,Puerto Lopez,Salango,ECU.14.17.3_1
Ecuador,Manabi,Jama,Jama,ECU.14.6.1_1
Ecuador,Manabi,Jaramijo,Jaramijo,ECU.14.7.1_1
Ecuador,Manabi,San Vicente,San Vicente,ECU.14.19.2_1
Ecuador,Manabi,San Vicente,Canoa,ECU.14.19.1_1
Ecuador,Morona Santiago,Morona,Macas,ECU.15.5.4_1
Ecuador,Morona Santiago,Morona,Alshi (Cab En 9 De Octubre),ECU.15.5.1_1
Ecuador,Morona Santiago,Morona,General Proaño,ECU.15.5.3_1
Ecuador,Morona Santiago,Morona,San Isidro,ECU.15.5.6_1
Ecuador,Morona Santiago,Morona,Sevilla Don Bosco,ECU.15.5.7_1
Ecuador,Morona Santiago,Morona,Sinai,ECU.15.5.8_1
Ecuador,Morona Santiago,Morona,Zua (Zuac),ECU.15.5.9_1
Ecuador,Morona Santiago,Morona,Cuchaentza,ECU.15.5.2_1
Ecuador,Morona Santiago,Morona,Rio Blanco,ECU.15.5.5_1
Ecuador,Morona Santiago,Gualaquiza,Gualaquiza,ECU.15.1.7_1
Ecuador,Morona Santiago,Gualaquiza,Amazonas (Rosario De Cuyes),ECU.15.1.1_1
Ecuador,Morona Santiago,Gualaquiza,Bermejos,ECU.15.1.2_1
Ecuador,Morona Santiago,Gualaquiza,Bomboiza,ECU.15.1.3_1
Ecuador,Morona Santiago,Gualaquiza,Chiguinda,ECU.15.1.4_1
Ecuador,Morona Santiago,Gualaquiza,El Rosario,ECU.15.1.6_1
Ecuador,Morona Santiago,Gualaquiza,Nueva Tarqui,ECU.15.1.8_1
Ecuador,Morona Santiago,Gualaquiza,San Miguel De Cuyes,ECU.15.1.9_1
Ecuador,Morona Santiago,Gualaquiza,El Ideal,ECU.15.1.5_1
Ecuador,Morona Santiago,Limon Indanza,Gral. Leonidas Plaza Gutierrez,ECU.15.3.1_1
Ecuador,Morona Santiago,Limon Indanza,Indanza,ECU.15.3.2_1
Ecuador,Morona Santiago,Limon Indanza,Sta Susana De Chiviaza (Cab En Chiviaza),ECU.15.3.5_1
Ecuador,Morona Santiago,Limon Indanza,Yunganza (Cab En El Rosario),ECU.15.3.6_1
Ecuador,Morona Santiago,Palora,Palora (Metzera),ECU.15.7.4_1
Ecuador,Morona Santiago,Palora,Arapicos,ECU.15.7.2_1
Ecuador,Morona Santiago,Palora,Cumanda (Cab En Colonia Agricola Sevilla Del Oro),ECU.15.7.3_1
Ecuador,Morona Santiago,Palora,Sangay (Cab En Nayamanaca),ECU.15.7.5_1
Ecuador,Morona Santiago,Palora,16 De Agosto,ECU.15.7.1_1
Ecuador,Morona Santiago,Santiago,Santiago De Mendez,ECU.15.9.6_1
Ecuador,Morona Santiago,Santiago,Copal,ECU.15.9.2_1
Ecuador,Morona Santiago,Santiago,Chupianza,ECU.15.9.1_1
Ecuador,Morona Santiago,Santiago,Patuca,ECU.15.9.3_1
Ecuador,Morona Santiago,Santiago,San Luis De El Acho (Cab En El Acho),ECU.15.9.5_1
Ecuador,Morona Santiago,Santiago,Tayuza,ECU.15.9.7_1
Ecuador,Morona Santiago,Santiago,San Francisco De Chinimbimi,ECU.15.9.4_1
Ecuador,Morona Santiago,Sucua,Sucua,ECU.15.10.4_1
Ecuador,Morona Santiago,Sucua,Asuncion,ECU.15.10.1_1
Ecuador,Morona Santiago,Sucua,Huambi,ECU.15.10.2_1
Ecuador,Morona Santiago,Sucua,Santa Marianita De Jesus,ECU.15.10.3_1
Ecuador,Morona Santiago,Huamboya,Huamboya,ECU.15.2.2_1
Ecuador,Morona Santiago,Huamboya,Chiguaza,ECU.15.2.1_1
Ecuador,Morona Santiago,San Juan Bosco,San Juan Bosco,ECU.15.8.4_1
Ecuador,Morona Santiago,San Juan Bosco,Pan De Azucar,ECU.15.8.1_1
Ecuador,Morona Santiago,San Juan Bosco,San Carlos De Limon,ECU.15.8.2_1
Ecuador,Morona Santiago,San Juan Bosco,San Jacinto De Wakambeis,ECU.15.8.3_1
Ecuador,Morona Santiago,San Juan Bosco,Santiago De Pananza,ECU.15.8.5_1
Ecuador,Morona Santiago,Taisha,Taisha,ECU.15.11.4_1
Ecuador,Morona Santiago,Taisha,Huasaga (Cab En Wampuik),ECU.15.11.1_1
Ecuador,Morona Santiago,Taisha,Macuma,ECU.15.11.2_1
Ecuador,Morona Santiago,Taisha,Tuutinentza,ECU.15.11.5_1
Ecuador,Morona Santiago,Taisha,Pumpuentsa,ECU.15.11.3_1
Ecuador,Morona Santiago,Logroño,Logroño,ECU.15.4.1_1
Ecuador,Morona Santiago,Logroño,Yaupi,ECU.15.4.3_1
Ecuador,Morona Santiago,Logroño,Shimpis,ECU.15.4.2_1
Ecuador,Morona Santiago,Pablo Sexto,Pablo Sexto,ECU.15.6.1_1
Ecuador,Morona Santiago,Tiwintza,Santiago,ECU.15.12.2_1
Ecuador,Zamora Chinchipe,Zamora,Zamora,ECU.24.9.7_1
Ecuador,Zamora Chinchipe,Zamora,Cumbaratza,ECU.24.9.1_1
Ecuador,Zamora Chinchipe,Zamora,Guadalupe,ECU.24.9.2_1
Ecuador,Zamora Chinchipe,Zamora,Imbana (La Victoria De Imbana),ECU.24.9.3_1
Ecuador,Zamora Chinchipe,Zamora,Sabanilla,ECU.24.9.4_1
Ecuador,Zamora Chinchipe,Zamora,Timbara,ECU.24.9.6_1
Ecuador,Zamora Chinchipe,Zamora,San Carlos De Las Minas,ECU.24.9.5_1
Ecuador,Zamora Chinchipe,Chinchipe,Zumba,ECU.24.2.6_1
Ecuador,Zamora Chinchipe,Chinchipe,Chito,ECU.24.2.1_1
Ecuador,Zamora Chinchipe,Chinchipe,El Chorro,ECU.24.2.2_1
Ecuador,Zamora Chinchipe,Chinchipe,La Chonta,ECU.24.2.3_1
Ecuador,Zamora Chinchipe,Chinchipe,Pucapamba,ECU.24.2.4_1
Ecuador,Zamora Chinchipe,Chinchipe,San Andres,ECU.24.2.5_1
Ecuador,Zamora Chinchipe,Nangaritza,Guayzimi,ECU.24.4.1_1
Ecuador,Zamora Chinchipe,Nangaritza,Zurmi,ECU.24.4.3_1
Ecuador,Zamora Chinchipe,Nangaritza,Nuevo Paraiso,ECU.24.4.2_1
Ecuador,Zamora Chinchipe,Yacuambi,28 De Mayo (San Jose De Yacuambi),ECU.24.7.1_1
Ecuador,Zamora Chinchipe,Yacuambi,La Paz,ECU.24.7.2_1
Ecuador,Zamora Chinchipe,Yacuambi,Tutupali,ECU.24.7.3_1
Ecuador,Zamora Chinchipe,Yantzaza,Yantzaza (Yanzatza),ECU.24.8.3_1
Ecuador,Zamora Chinchipe,Yantzaza,Chicaa,ECU.24.8.1_1
Ecuador,Zamora Chinchipe,Yantzaza,Los Encuentros,ECU.24.8.2_1
Ecuador,Zamora Chinchipe,El Pangui,El Pangui,ECU.24.3.2_1
Ecuador,Zamora Chinchipe,El Pangui,El Guisme,ECU.24.3.1_1
Ecuador,Zamora Chinchipe,El Pangui,Pachicutza,ECU.24.3.3_1
Ecuador,Zamora Chinchipe,El Pangui,Tundayme,ECU.24.3.4_1
Ecuador,Zamora Chinchipe,Centinela Del Condor,Zumbi,ECU.24.1.3_1
Ecuador,Zamora Chinchipe,Palanda,Palanda,ECU.24.5.3_1
Ecuador,Zamora Chinchipe,Palanda,El Porvenir Del Carmen,ECU.24.5.1_1
Ecuador,Zamora Chinchipe,Palanda,San Francisco Del Vergel,ECU.24.5.4_1
Ecuador,Zamora Chinchipe,Palanda,Valladolid,ECU.24.5.5_1
Ecuador,Zamora Chinchipe,Palanda,La Canela,ECU.24.5.2_1
Ecuador,Zamora Chinchipe,Paquisha,Paquisha,ECU.24.6.3_1
Ecuador,Zamora Chinchipe,Paquisha,Bellavista,ECU.24.6.1_1
Ecuador,Zamora Chinchipe,Paquisha,Nuevo Quito,ECU.24.6.2_1
Ecuador,Galapagos,San Cristobal,El Progreso,ECU.9.2.1_1
Ecuador,Galapagos,San Cristobal,Isla Santa Maria (Floreana) (Cab. En  Pto. Velasco Ibarra),ECU.9.2.2_1
Ecuador,Galapagos,Isabela,Tomas De Berlanga (Santo Tomas),ECU.9.1.2_1
Ecuador,Galapagos,Santa Cruz,Bellavista,ECU.9.3.1_1
Ecuador,Galapagos,Santa Cruz,Santa Rosa,ECU.9.3.3_1
Ecuador,Santa Elena,Santa Elena,Santa Elena,ECU.20.3.6_1
Ecuador,Santa Elena,Santa Elena,Atahualpa,ECU.20.3.1_1
Ecuador,Santa Elena,Santa Elena,Colonche,ECU.20.3.3_1
Ecuador,Santa Elena,Santa Elena,Chanduy,ECU.20.3.2_1
Ecuador,Santa Elena,Santa Elena,Manglaralto,ECU.20.3.4_1
Ecuador,Santa Elena,Santa Elena,Simon Bolivar (Julio Moreno),ECU.20.3.7_1
Ecuador,Santa Elena,Santa Elena,San Jose De Ancon,ECU.20.3.5_1
Ecuador,Santa Elena,Salinas,Salinas,ECU.20.2.3_1
Ecuador,Santa Elena,Salinas,Anconcito,ECU.20.2.1_1
Ecuador,Santa Elena,Salinas,Jose Luis Tamayo (Muey),ECU.20.2.2_1
Ecuador,Zona No Delimitada,Manga Del Cura,Manga Del Cura,
Ecuador,Azuay,Nabon,Nabon,ECU.1.8.4_1
Ecuador,Galapagos,San Cristobal,Puerto Baquerizo Moreno,ECU.9.2.3_1
Ecuador,Galapagos,Santa Cruz,Puerto Ayora,ECU.9.3.2_1
Ecuador,Galapagos,Isabela,Puerto Villamil,ECU.9.1.1_1
Ecuador,Santa Elena,La Libertad,La Libertad,ECU.20.1.1_1
Ecuador,Morona Santiago,Tiwintza,San Jose De Morona,ECU.15.12.1_1
Ecuador,Pichincha,Mejia,Cutuglahua,ECU.19.2.3_1
Ecuador,Pichincha,Mejia,Uyumbicho,ECU.19.2.8_1
Ecuador,Esmeraldas,La Concordia,Monterrey,ECU.21.1.3_1
Ecuador,Esmeraldas,La Concordia,La Villegas,ECU.21.1.2_1
Ecuador,Esmeraldas,La Concordia,La Concordia,ECU.21.1.1_1
Ecuador,Napo,Tena,Tena,ECU.16.5.8_1
Ecuador,Esmeraldas,Eloy Alfaro,Santa Lucia De Las Peas,ECU.8.2.11_1
Ecuador,Los Rios,Ventanas,Los Angeles,ECU.13.12.2_1
Ecuador,Los Rios,Ventanas,Chacarita,ECU.13.12.1_1
Ecuador,Loja,Pindal,Pindal,ECU.12.11.4_1
Ecuador,Zamora Chinchipe,Centinela Del Condor,Panguintza,ECU.24.1.1_1
Ecuador,Zamora Chinchipe,Centinela Del Condor,Triunfo-Dorado,ECU.24.1.2_1
Ecuador,Azuay,Santa Isabel,San Salvador De Caaribamba,ECU.1.13.3_1
Ecuador,Morona Santiago,Limon Indanza,San Antonio (Cab En San Antonio Centro),ECU.15.3.3_1
Ecuador,Morona Santiago,Limon Indanza,San Miguel De Conchay,ECU.15.3.4_1
Ecuador,Esmeraldas,Quininde,La Union,ECU.8.5.3_1
Ecuador,Loja,Zapotillo,Cazaderos,ECU.12.16.2_1
Ecuador,Los Rios,Montalvo,La Esmeralda,ECU.13.5.1_1
Ecuador,Pichincha,Cayambe,San Jose De Ayora,ECU.19.1.6_1
Ecuador,Napo,Archidona,Hatun Sumaku,ECU.16.1.3_1
Ecuador,Sucumbios,Lago Agrio,10 De Agosto,ECU.22.4.1_1
Ecuador,Azuay,Cuenca,Cuenca,ECU.1.3.5_1
